State,Year,StateMW2022,FedMW2022
Alaska,1968,17.65,9.67
California,1968,13.87,9.67
Arizona,1968,3.94,9.67
Massachusetts,1968,13.45,9.67
New York,1968,13.45,9.67
Washington,1968,13.45,9.67
Connecticut,1968,11.77,9.67
Maine,1968,11.77,9.67
New Hampshire,1968,11.77,9.67
New Jersey,1968,11.77,9.67
Rhode Island,1968,11.77,9.67
Vermont,1968,11.77,9.67
Delaware,1968,10.51,9.67
District of Columbia,1968,10.51,9.67
Hawaii,1968,10.51,9.67
Michigan,1968,10.51,9.67
Nevada,1968,10.51,9.67
Oregon,1968,10.51,9.67
Wisconsin,1968,10.51,9.67
Wyoming,1968,10.09,9.67
Idaho,1968,9.67,9.67
Indiana,1968,9.67,9.67
New Mexico,1968,9.67,9.67
Pennsylvania,1968,9.67,9.67
Colorado,1968,8.40,9.67
Maryland,1968,8.40,9.67
Nebraska,1968,8.40,9.67
North Carolina,1968,8.40,9.67
North Dakota,1968,8.40,9.67
Oklahoma,1968,8.40,9.67
Utah,1968,8.40,9.67
West Virginia,1968,8.40,9.67
Ohio,1968,6.30,9.67
Minnesota,1968,5.88,9.67
Kentucky,1968,5.46,9.67
Puerto Rico,1968,3.62,9.67
South Dakota,1968,3.57,9.67
Arkansas,1968,1.31,9.67
Alabama,1968,0.00,9.67
Florida,1968,0.00,9.67
Georgia,1968,0.00,9.67
Illinois,1968,0.00,9.67
Iowa,1968,0.00,9.67
Kansas,1968,0.00,9.67
Louisiana,1968,0.00,9.67
Mississippi,1968,0.00,9.67
Missouri,1968,0.00,9.67
Montana,1968,0.00,9.67
South Carolina,1968,0.00,9.67
Tennessee,1968,0.00,9.67
Texas,1968,0.00,9.67
Virginia,1968,0.00,9.67
Alaska,1969,16.74,9.17
Arizona,1969,3.73,9.17
California,1969,13.15,9.17
Massachusetts,1969,12.76,9.17
New York,1969,12.76,9.17
Washington,1969,12.76,9.17
Connecticut,1969,11.16,9.17
Maine,1969,11.16,9.17
New Hampshire,1969,11.16,9.17
New Jersey,1969,11.16,9.17
Rhode Island,1969,11.16,9.17
Vermont,1969,11.16,9.17
Delaware,1969,9.96,9.17
District of Columbia,1969,9.96,9.17
Hawaii,1969,9.96,9.17
Michigan,1969,9.96,9.17
Nevada,1969,9.96,9.17
Oregon,1969,9.96,9.17
Wisconsin,1969,9.96,9.17
Wyoming,1969,9.57,9.17
Idaho,1969,9.17,9.17
Indiana,1969,9.17,9.17
New Mexico,1969,9.17,9.17
Pennsylvania,1969,9.17,9.17
Colorado,1969,7.97,9.17
Maryland,1969,7.97,9.17
Nebraska,1969,7.97,9.17
North Carolina,1969,7.97,9.17
North Dakota,1969,7.97,9.17
Oklahoma,1969,7.97,9.17
Utah,1969,7.97,9.17
West Virginia,1969,7.97,9.17
Ohio,1969,5.98,9.17
Minnesota,1969,5.58,9.17
Kentucky,1969,5.18,9.17
Puerto Rico,1969,3.43,9.17
South Dakota,1969,3.39,9.17
Arkansas,1969,1.24,9.17
Alabama,1969,0.00,9.17
Florida,1969,0.00,9.17
Georgia,1969,0.00,9.17
Illinois,1969,0.00,9.17
Iowa,1969,0.00,9.17
Kansas,1969,0.00,9.17
Louisiana,1969,0.00,9.17
Mississippi,1969,0.00,9.17
Missouri,1969,0.00,9.17
Montana,1969,0.00,9.17
South Carolina,1969,0.00,9.17
Tennessee,1969,0.00,9.17
Texas,1969,0.00,9.17
Virginia,1969,0.00,9.17
Alaska,1970,15.83,9.81
California,1970,12.44,9.81
Arizona,1970,3.53,9.81
Connecticut,1970,12.07,9.81
District of Columbia,1970,12.07,9.81
Hawaii,1970,12.07,9.81
Maine,1970,12.07,9.81
Massachusetts,1970,12.07,9.81
New York,1970,12.07,9.81
Rhode Island,1970,12.07,9.81
Vermont,1970,12.07,9.81
Washington,1970,12.07,9.81
New Jersey,1970,11.31,9.81
New Hampshire,1970,10.94,9.81
Maryland,1970,9.81,9.81
Nevada,1970,9.81,9.81
New Mexico,1970,9.81,9.81
Pennsylvania,1970,9.81,9.81
Wisconsin,1970,9.81,9.81
Wyoming,1970,9.81,9.81
Delaware,1970,9.42,9.81
Idaho,1970,9.42,9.81
Indiana,1970,9.42,9.81
Michigan,1970,9.42,9.81
North Carolina,1970,9.42,9.81
Oregon,1970,9.42,9.81
Arkansas,1970,8.29,9.81
Colorado,1970,7.54,9.81
Nebraska,1970,7.54,9.81
North Dakota,1970,7.54,9.81
Oklahoma,1970,7.54,9.81
South Dakota,1970,7.54,9.81
Utah,1970,7.54,9.81
West Virginia,1970,7.54,9.81
Ohio,1970,5.66,9.81
Minnesota,1970,5.28,9.81
Kentucky,1970,4.90,9.81
Puerto Rico,1970,3.25,9.81
Alabama,1970,0.00,9.81
Florida,1970,0.00,9.81
Georgia,1970,0.00,9.81
Illinois,1970,0.00,9.81
Iowa,1970,0.00,9.81
Kansas,1970,0.00,9.81
Louisiana,1970,0.00,9.81
Mississippi,1970,0.00,9.81
Missouri,1970,0.00,9.81
Montana,1970,0.00,9.81
South Carolina,1970,0.00,9.81
Tennessee,1970,0.00,9.81
Texas,1970,0.00,9.81
Virginia,1970,0.00,9.81
Alaska,1971,15.17,9.39
Arizona,1971,3.38,9.39
California,1971,11.92,9.39
Connecticut,1971,11.56,9.39
District of Columbia,1971,11.56,9.39
Hawaii,1971,11.56,9.39
Maine,1971,11.56,9.39
Massachusetts,1971,11.56,9.39
New York,1971,11.56,9.39
Rhode Island,1971,11.56,9.39
Vermont,1971,11.56,9.39
Washington,1971,11.56,9.39
New Jersey,1971,10.83,9.39
New Hampshire,1971,10.47,9.39
Maryland,1971,9.39,9.39
Nevada,1971,9.39,9.39
New Mexico,1971,9.39,9.39
Pennsylvania,1971,9.39,9.39
Wisconsin,1971,9.39,9.39
Wyoming,1971,9.39,9.39
Delaware,1971,9.03,9.39
Idaho,1971,9.03,9.39
Indiana,1971,9.03,9.39
Michigan,1971,9.03,9.39
North Carolina,1971,9.03,9.39
Oregon,1971,9.03,9.39
Arkansas,1971,7.95,9.39
Colorado,1971,7.23,9.39
Nebraska,1971,7.23,9.39
North Dakota,1971,7.23,9.39
Oklahoma,1971,7.23,9.39
South Dakota,1971,7.23,9.39
Utah,1971,7.23,9.39
West Virginia,1971,7.23,9.39
Ohio,1971,5.42,9.39
Minnesota,1971,5.06,9.39
Kentucky,1971,4.69,9.39
Puerto Rico,1971,3.11,9.39
Alabama,1971,0.00,9.39
Florida,1971,0.00,9.39
Georgia,1971,0.00,9.39
Illinois,1971,0.00,9.39
Iowa,1971,0.00,9.39
Kansas,1971,0.00,9.39
Louisiana,1971,0.00,9.39
Mississippi,1971,0.00,9.39
Missouri,1971,0.00,9.39
Montana,1971,0.00,9.39
South Carolina,1971,0.00,9.39
Tennessee,1971,0.00,9.39
Texas,1971,0.00,9.39
Virginia,1971,0.00,9.39
Alaska,1972,14.69,11.20
Connecticut,1972,12.95,11.20
New York,1972,12.95,11.20
Massachusetts,1972,12.25,11.20
California,1972,11.55,11.20
Delaware,1972,11.20,11.20
District of Columbia,1972,11.20,11.20
Hawaii,1972,11.20,11.20
Maryland,1972,11.20,11.20
Michigan,1972,11.20,11.20
Montana,1972,11.20,11.20
Nevada,1972,11.20,11.20
New Hampshire,1972,11.20,11.20
Pennsylvania,1972,11.20,11.20
Rhode Island,1972,11.20,11.20
Vermont,1972,11.20,11.20
Washington,1972,11.20,11.20
New Jersey,1972,10.50,11.20
Wyoming,1972,10.50,11.20
North Carolina,1972,10.15,11.20
Wisconsin,1972,10.15,11.20
Arizona,1972,3.28,11.20
Idaho,1972,9.79,11.20
Illinois,1972,9.79,11.20
Maine,1972,9.79,11.20
Oklahoma,1972,9.79,11.20
Texas,1972,9.79,11.20
New Mexico,1972,9.09,11.20
Georgia,1972,8.75,11.20
Indiana,1972,8.75,11.20
Oregon,1972,8.75,11.20
Arkansas,1972,8.40,11.20
Utah,1972,8.40,11.20
West Virginia,1972,8.40,11.20
Colorado,1972,7.00,11.20
Nebraska,1972,7.00,11.20
North Dakota,1972,7.00,11.20
South Dakota,1972,7.00,11.20
Minnesota,1972,5.25,11.20
Ohio,1972,5.25,11.20
Kentucky,1972,4.55,11.20
Puerto Rico,1972,4.55,11.20
Alabama,1972,0.00,11.20
Florida,1972,0.00,11.20
Iowa,1972,0.00,11.20
Kansas,1972,0.00,11.20
Louisiana,1972,0.00,11.20
Mississippi,1972,0.00,11.20
Missouri,1972,0.00,11.20
South Carolina,1972,0.00,11.20
Tennessee,1972,0.00,11.20
Virginia,1972,0.00,11.20
Alaska,1973,13.83,10.54
Connecticut,1973,12.19,10.54
New York,1973,12.19,10.54
Massachusetts,1973,11.52,10.54
California,1973,10.87,10.54
Delaware,1973,10.54,10.54
District of Columbia,1973,10.54,10.54
Hawaii,1973,10.54,10.54
Maryland,1973,10.54,10.54
Michigan,1973,10.54,10.54
Montana,1973,10.54,10.54
Nevada,1973,10.54,10.54
New Hampshire,1973,10.54,10.54
Pennsylvania,1973,10.54,10.54
Rhode Island,1973,10.54,10.54
Vermont,1973,10.54,10.54
Washington,1973,10.54,10.54
Arizona,1973,3.09,10.54
New Jersey,1973,9.88,10.54
Wyoming,1973,9.88,10.54
North Carolina,1973,9.56,10.54
Wisconsin,1973,9.56,10.54
Idaho,1973,9.23,10.54
Illinois,1973,9.23,10.54
Maine,1973,9.23,10.54
Oklahoma,1973,9.23,10.54
Texas,1973,9.23,10.54
New Mexico,1973,8.56,10.54
Georgia,1973,8.23,10.54
Indiana,1973,8.23,10.54
Oregon,1973,8.23,10.54
Arkansas,1973,7.91,10.54
Utah,1973,7.91,10.54
West Virginia,1973,7.91,10.54
Colorado,1973,6.59,10.54
Nebraska,1973,6.59,10.54
North Dakota,1973,6.59,10.54
South Dakota,1973,6.59,10.54
Minnesota,1973,4.94,10.54
Ohio,1973,4.94,10.54
Kentucky,1973,4.29,10.54
Puerto Rico,1973,4.29,10.54
Alabama,1973,0.00,10.54
Florida,1973,0.00,10.54
Iowa,1973,0.00,10.54
Kansas,1973,0.00,10.54
Louisiana,1973,0.00,10.54
Mississippi,1973,0.00,10.54
Missouri,1973,0.00,10.54
South Carolina,1973,0.00,10.54
Tennessee,1973,0.00,10.54
Virginia,1973,0.00,10.54
Alaska,1974,12.46,9.49
Connecticut,1974,10.98,9.49
New York,1974,10.98,9.49
Massachusetts,1974,10.38,9.49
Arizona,1974,2.78,9.49
California,1974,9.79,9.49
Delaware,1974,9.49,9.49
District of Columbia,1974,9.49,9.49
Hawaii,1974,9.49,9.49
Maryland,1974,9.49,9.49
Michigan,1974,9.49,9.49
Montana,1974,9.49,9.49
Nevada,1974,9.49,9.49
New Hampshire,1974,9.49,9.49
Pennsylvania,1974,9.49,9.49
Rhode Island,1974,9.49,9.49
Vermont,1974,9.49,9.49
Washington,1974,9.49,9.49
New Jersey,1974,8.90,9.49
Wyoming,1974,8.90,9.49
North Carolina,1974,8.61,9.49
Wisconsin,1974,8.61,9.49
Idaho,1974,8.31,9.49
Illinois,1974,8.31,9.49
Maine,1974,8.31,9.49
Oklahoma,1974,8.31,9.49
Texas,1974,8.31,9.49
New Mexico,1974,7.71,9.49
Georgia,1974,7.42,9.49
Indiana,1974,7.42,9.49
Oregon,1974,7.42,9.49
Arkansas,1974,7.13,9.49
Utah,1974,7.13,9.49
West Virginia,1974,7.13,9.49
Colorado,1974,5.94,9.49
Nebraska,1974,5.94,9.49
North Dakota,1974,5.94,9.49
South Dakota,1974,5.94,9.49
Minnesota,1974,4.44,9.49
Ohio,1974,4.44,9.49
Kentucky,1974,3.86,9.49
Puerto Rico,1974,3.86,9.49
Alabama,1974,0.00,9.49
Florida,1974,0.00,9.49
Iowa,1974,0.00,9.49
Kansas,1974,0.00,9.49
Louisiana,1974,0.00,9.49
Mississippi,1974,0.00,9.49
Missouri,1974,0.00,9.49
South Carolina,1974,0.00,9.49
Tennessee,1974,0.00,9.49
Virginia,1974,0.00,9.49
Alaska,1975,11.42,8.70
Connecticut,1975,10.05,8.70
New York,1975,10.05,8.70
Arizona,1975,2.54,8.70
Massachusetts,1975,9.51,8.70
California,1975,8.97,8.70
Delaware,1975,8.70,8.70
District of Columbia,1975,8.70,8.70
Hawaii,1975,8.70,8.70
Maryland,1975,8.70,8.70
Michigan,1975,8.70,8.70
Montana,1975,8.70,8.70
Nevada,1975,8.70,8.70
New Hampshire,1975,8.70,8.70
Pennsylvania,1975,8.70,8.70
Rhode Island,1975,8.70,8.70
Vermont,1975,8.70,8.70
Washington,1975,8.70,8.70
New Jersey,1975,8.15,8.70
Wyoming,1975,8.15,8.70
North Carolina,1975,7.88,8.70
Wisconsin,1975,7.88,8.70
Idaho,1975,7.61,8.70
Illinois,1975,7.61,8.70
Maine,1975,7.61,8.70
Oklahoma,1975,7.61,8.70
Texas,1975,7.61,8.70
New Mexico,1975,7.07,8.70
Georgia,1975,6.80,8.70
Indiana,1975,6.80,8.70
Oregon,1975,6.80,8.70
Arkansas,1975,6.53,8.70
Utah,1975,6.53,8.70
West Virginia,1975,6.53,8.70
Colorado,1975,5.44,8.70
Nebraska,1975,5.44,8.70
North Dakota,1975,5.44,8.70
South Dakota,1975,5.44,8.70
Minnesota,1975,4.08,8.70
Ohio,1975,4.08,8.70
Kentucky,1975,3.54,8.70
Puerto Rico,1975,3.54,8.70
Alabama,1975,0.00,8.70
Florida,1975,0.00,8.70
Iowa,1975,0.00,8.70
Kansas,1975,0.00,8.70
Louisiana,1975,0.00,8.70
Mississippi,1975,0.00,8.70
Missouri,1975,0.00,8.70
South Carolina,1975,0.00,8.70
Tennessee,1975,0.00,8.70
Virginia,1975,0.00,8.70
Alaska,1976,14.40,11.31
Hawaii,1976,12.34,11.31
Maine,1976,11.83,11.31
New York,1976,11.83,11.31
Oregon,1976,11.83,11.31
Rhode Island,1976,11.83,11.31
Vermont,1976,11.83,11.31
District of Columbia,1976,11.57,11.31
Connecticut,1976,11.37,11.31
Maryland,1976,11.31,11.31
Michigan,1976,11.31,11.31
Nevada,1976,11.31,11.31
New Hampshire,1976,11.31,11.31
New Jersey,1976,11.31,11.31
Pennsylvania,1976,11.31,11.31
Washington,1976,11.31,11.31
Illinois,1976,10.80,11.31
Massachusetts,1976,10.80,11.31
Wisconsin,1976,10.80,11.31
California,1976,10.28,11.31
Delaware,1976,10.28,11.31
New Mexico,1976,10.28,11.31
North Carolina,1976,10.28,11.31
North Dakota,1976,10.28,11.31
South Dakota,1976,10.28,11.31
Virginia,1976,10.28,11.31
West Virginia,1976,10.28,11.31
Arizona,1976,0.00,11.31
Arkansas,1976,9.77,11.31
Minnesota,1976,9.25,11.31
Montana,1976,9.25,11.31
Oklahoma,1976,9.25,11.31
Idaho,1976,8.22,11.31
Kentucky,1976,8.22,11.31
Nebraska,1976,8.22,11.31
Ohio,1976,8.22,11.31
Wyoming,1976,8.22,11.31
Utah,1976,7.97,11.31
Texas,1976,7.19,11.31
Georgia,1976,6.42,11.31
Indiana,1976,6.42,11.31
Colorado,1976,5.15,11.31
Puerto Rico,1976,3.90,11.31
Alabama,1976,0.00,11.31
Florida,1976,0.00,11.31
Iowa,1976,0.00,11.31
Kansas,1976,0.00,11.31
Louisiana,1976,0.00,11.31
Mississippi,1976,0.00,11.31
Missouri,1976,0.00,11.31
South Carolina,1976,0.00,11.31
Tennessee,1976,0.00,11.31
Alaska,1977,13.52,10.62
Hawaii,1977,11.58,10.62
Maine,1977,11.11,10.62
New York,1977,11.11,10.62
Oregon,1977,11.11,10.62
Rhode Island,1977,11.11,10.62
Vermont,1977,11.11,10.62
District of Columbia,1977,10.86,10.62
Connecticut,1977,10.67,10.62
Maryland,1977,10.62,10.62
Michigan,1977,10.62,10.62
Nevada,1977,10.62,10.62
New Hampshire,1977,10.62,10.62
New Jersey,1977,10.62,10.62
Pennsylvania,1977,10.62,10.62
Washington,1977,10.62,10.62
Illinois,1977,10.13,10.62
Massachusetts,1977,10.13,10.62
Wisconsin,1977,10.13,10.62
Arizona,1977,0.00,10.62
California,1977,9.66,10.62
Delaware,1977,9.66,10.62
New Mexico,1977,9.66,10.62
North Carolina,1977,9.66,10.62
North Dakota,1977,9.66,10.62
South Dakota,1977,9.66,10.62
Virginia,1977,9.66,10.62
West Virginia,1977,9.66,10.62
Arkansas,1977,9.17,10.62
Minnesota,1977,8.69,10.62
Montana,1977,8.69,10.62
Oklahoma,1977,8.69,10.62
Idaho,1977,7.72,10.62
Kentucky,1977,7.72,10.62
Nebraska,1977,7.72,10.62
Ohio,1977,7.72,10.62
Wyoming,1977,7.72,10.62
Utah,1977,7.49,10.62
Texas,1977,6.76,10.62
Georgia,1977,6.04,10.62
Indiana,1977,6.04,10.62
Colorado,1977,4.83,10.62
Puerto Rico,1977,3.66,10.62
Alabama,1977,0.00,10.62
Florida,1977,0.00,10.62
Iowa,1977,0.00,10.62
Kansas,1977,0.00,10.62
Louisiana,1977,0.00,10.62
Mississippi,1977,0.00,10.62
Missouri,1977,0.00,10.62
South Carolina,1977,0.00,10.62
Tennessee,1977,0.00,10.62
Alaska,1978,12.57,9.87
Hawaii,1978,10.77,9.87
Maine,1978,10.31,9.87
New York,1978,10.31,9.87
Oregon,1978,10.31,9.87
Rhode Island,1978,10.31,9.87
Vermont,1978,10.31,9.87
District of Columbia,1978,10.10,9.87
Connecticut,1978,9.92,9.87
Maryland,1978,9.87,9.87
Michigan,1978,9.87,9.87
Nevada,1978,9.87,9.87
New Hampshire,1978,9.87,9.87
New Jersey,1978,9.87,9.87
Pennsylvania,1978,9.87,9.87
Washington,1978,9.87,9.87
Arizona,1978,0.00,9.87
Illinois,1978,9.42,9.87
Massachusetts,1978,9.42,9.87
Wisconsin,1978,9.42,9.87
California,1978,8.97,9.87
Delaware,1978,8.97,9.87
New Mexico,1978,8.97,9.87
North Carolina,1978,8.97,9.87
North Dakota,1978,8.97,9.87
South Dakota,1978,8.97,9.87
Virginia,1978,8.97,9.87
West Virginia,1978,8.97,9.87
Arkansas,1978,8.53,9.87
Minnesota,1978,8.08,9.87
Montana,1978,8.08,9.87
Oklahoma,1978,8.08,9.87
Idaho,1978,7.18,9.87
Kentucky,1978,7.18,9.87
Nebraska,1978,7.18,9.87
Ohio,1978,7.18,9.87
Wyoming,1978,7.18,9.87
Utah,1978,6.96,9.87
Texas,1978,6.28,9.87
Georgia,1978,5.61,9.87
Indiana,1978,5.61,9.87
Colorado,1978,4.49,9.87
Puerto Rico,1978,3.42,9.87
Alabama,1978,0.00,9.87
Florida,1978,0.00,9.87
Iowa,1978,0.00,9.87
Kansas,1978,0.00,9.87
Louisiana,1978,0.00,9.87
Mississippi,1978,0.00,9.87
Missouri,1978,0.00,9.87
South Carolina,1978,0.00,9.87
Tennessee,1978,0.00,9.87
Alaska,1979,13.70,11.68
Connecticut,1979,11.73,11.68
California,1979,11.68,11.68
Maine,1979,11.68,11.68
Maryland,1979,11.68,11.68
Massachusetts,1979,11.68,11.68
Michigan,1979,11.68,11.68
New Hampshire,1979,11.68,11.68
New York,1979,11.68,11.68
Pennsylvania,1979,11.68,11.68
Vermont,1979,11.68,11.68
Wisconsin,1979,11.29,11.68
Nevada,1979,11.08,11.68
Hawaii,1979,10.68,11.68
New Jersey,1979,10.08,11.68
North Carolina,1979,10.08,11.68
District of Columbia,1979,9.91,11.68
Arizona,1979,0.00,11.68
Virginia,1979,9.47,11.68
Arkansas,1979,9.26,11.68
Idaho,1979,9.26,11.68
Illinois,1979,9.26,11.68
Minnesota,1979,9.26,11.68
New Mexico,1979,9.26,11.68
Ohio,1979,9.26,11.68
Oregon,1979,9.26,11.68
Rhode Island,1979,9.26,11.68
South Dakota,1979,9.26,11.68
Washington,1979,9.26,11.68
Utah,1979,8.87,11.68
West Virginia,1979,8.87,11.68
North Dakota,1979,8.46,11.68
Delaware,1979,8.06,11.68
Indiana,1979,8.06,11.68
Kentucky,1979,8.06,11.68
Montana,1979,8.06,11.68
Oklahoma,1979,8.06,11.68
Colorado,1979,7.66,11.68
Kansas,1979,6.45,11.68
Nebraska,1979,6.45,11.68
Wyoming,1979,6.45,11.68
Texas,1979,5.64,11.68
Georgia,1979,4.95,11.68
Puerto Rico,1979,4.84,11.68
Alabama,1979,0.00,11.68
Florida,1979,0.00,11.68
Iowa,1979,0.00,11.68
Louisiana,1979,0.00,11.68
Mississippi,1979,0.00,11.68
Missouri,1979,0.00,11.68
South Carolina,1979,0.00,11.68
Tennessee,1979,0.00,11.68
Alaska,1980,12.78,11.00
Connecticut,1980,11.07,11.00
Maine,1980,11.00,11.00
Maryland,1980,11.00,11.00
Massachusetts,1980,11.00,11.00
Michigan,1980,11.00,11.00
New Hampshire,1980,11.00,11.00
New Jersey,1980,11.00,11.00
New York,1980,11.00,11.00
Pennsylvania,1980,11.00,11.00
Vermont,1980,11.00,11.00
Wisconsin,1980,10.65,11.00
California,1980,10.29,11.00
Hawaii,1980,10.29,11.00
Minnesota,1980,10.29,11.00
Oregon,1980,10.29,11.00
Nevada,1980,9.76,11.00
North Carolina,1980,9.76,11.00
Arizona,1980,0.00,11.00
New Mexico,1980,9.41,11.00
Rhode Island,1980,9.41,11.00
North Dakota,1980,9.23,11.00
Arkansas,1980,9.05,11.00
District of Columbia,1980,8.88,11.00
Utah,1980,8.35,11.00
Virginia,1980,8.35,11.00
Idaho,1980,8.17,11.00
Illinois,1980,8.17,11.00
Ohio,1980,8.17,11.00
South Dakota,1980,8.17,11.00
Washington,1980,8.17,11.00
West Virginia,1980,7.82,11.00
Kentucky,1980,7.63,11.00
Delaware,1980,7.10,11.00
Indiana,1980,7.10,11.00
Montana,1980,7.10,11.00
Oklahoma,1980,7.10,11.00
Colorado,1980,6.74,11.00
Kansas,1980,5.68,11.00
Nebraska,1980,5.68,11.00
Wyoming,1980,5.68,11.00
Texas,1980,4.97,11.00
Georgia,1980,4.43,11.00
Puerto Rico,1980,4.26,11.00
Alabama,1980,0.00,11.00
Florida,1980,0.00,11.00
Iowa,1980,0.00,11.00
Louisiana,1980,0.00,11.00
Mississippi,1980,0.00,11.00
Missouri,1980,0.00,11.00
South Carolina,1980,0.00,11.00
Tennessee,1980,0.00,11.00
Alaska,1981,12.40,10.78
Connecticut,1981,10.85,10.78
California,1981,10.78,10.78
Maine,1981,10.78,10.78
Maryland,1981,10.78,10.78
Massachusetts,1981,10.78,10.78
Michigan,1981,10.78,10.78
New Hampshire,1981,10.78,10.78
New Jersey,1981,10.78,10.78
New York,1981,10.78,10.78
Pennsylvania,1981,10.78,10.78
Vermont,1981,10.78,10.78
Wisconsin,1981,10.46,10.78
Hawaii,1981,9.98,10.78
Minnesota,1981,9.98,10.78
Oklahoma,1981,9.98,10.78
Oregon,1981,9.98,10.78
Arizona,1981,0.00,10.78
New Mexico,1981,9.33,10.78
North Carolina,1981,9.33,10.78
Rhode Island,1981,9.33,10.78
North Dakota,1981,9.01,10.78
Nevada,1981,8.86,10.78
West Virginia,1981,8.86,10.78
Arkansas,1981,8.69,10.78
Virginia,1981,8.53,10.78
District of Columbia,1981,8.04,10.78
Utah,1981,8.04,10.78
Idaho,1981,7.40,10.78
Illinois,1981,7.40,10.78
Ohio,1981,7.40,10.78
South Dakota,1981,7.40,10.78
Washington,1981,7.40,10.78
Kentucky,1981,6.92,10.78
Delaware,1981,6.44,10.78
Indiana,1981,6.44,10.78
Montana,1981,6.44,10.78
Colorado,1981,6.12,10.78
Kansas,1981,5.15,10.78
Nebraska,1981,5.15,10.78
Wyoming,1981,5.15,10.78
Texas,1981,4.50,10.78
Georgia,1981,4.03,10.78
Puerto Rico,1981,3.86,10.78
Alabama,1981,0.00,10.78
Florida,1981,0.00,10.78
Iowa,1981,0.00,10.78
Louisiana,1981,0.00,10.78
Mississippi,1981,0.00,10.78
Missouri,1981,0.00,10.78
South Carolina,1981,0.00,10.78
Tennessee,1981,0.00,10.78
Alaska,1982,11.67,10.16
Connecticut,1982,10.21,10.16
California,1982,10.16,10.16
Maine,1982,10.16,10.16
Maryland,1982,10.16,10.16
Massachusetts,1982,10.16,10.16
Michigan,1982,10.16,10.16
New Hampshire,1982,10.16,10.16
New Jersey,1982,10.16,10.16
New York,1982,10.16,10.16
Pennsylvania,1982,10.16,10.16
Vermont,1982,10.16,10.16
Wisconsin,1982,9.85,10.16
Hawaii,1982,9.40,10.16
Minnesota,1982,9.40,10.16
Oklahoma,1982,9.40,10.16
Oregon,1982,9.40,10.16
Arizona,1982,0.00,10.16
New Mexico,1982,8.79,10.16
North Carolina,1982,8.79,10.16
Rhode Island,1982,8.79,10.16
North Dakota,1982,8.49,10.16
Nevada,1982,8.34,10.16
West Virginia,1982,8.34,10.16
Arkansas,1982,8.19,10.16
Virginia,1982,8.03,10.16
District of Columbia,1982,7.58,10.16
Utah,1982,7.58,10.16
Idaho,1982,6.97,10.16
Illinois,1982,6.97,10.16
Ohio,1982,6.97,10.16
South Dakota,1982,6.97,10.16
Washington,1982,6.97,10.16
Kentucky,1982,6.51,10.16
Delaware,1982,6.06,10.16
Indiana,1982,6.06,10.16
Montana,1982,6.06,10.16
Colorado,1982,5.76,10.16
Kansas,1982,4.85,10.16
Nebraska,1982,4.85,10.16
Wyoming,1982,4.85,10.16
Texas,1982,4.24,10.16
Georgia,1982,3.79,10.16
Puerto Rico,1982,3.64,10.16
Alabama,1982,0.00,10.16
Florida,1982,0.00,10.16
Iowa,1982,0.00,10.16
Louisiana,1982,0.00,10.16
Mississippi,1982,0.00,10.16
Missouri,1982,0.00,10.16
South Carolina,1982,0.00,10.16
Tennessee,1982,0.00,10.16
Alaska,1983,11.31,9.84
Connecticut,1983,9.90,9.84
California,1983,9.84,9.84
Maine,1983,9.84,9.84
Maryland,1983,9.84,9.84
Massachusetts,1983,9.84,9.84
Michigan,1983,9.84,9.84
New Hampshire,1983,9.84,9.84
New Jersey,1983,9.84,9.84
New York,1983,9.84,9.84
Pennsylvania,1983,9.84,9.84
Vermont,1983,9.84,9.84
Wisconsin,1983,9.55,9.84
Hawaii,1983,9.10,9.84
Minnesota,1983,9.10,9.84
Oklahoma,1983,9.10,9.84
Oregon,1983,9.10,9.84
New Mexico,1983,8.52,9.84
North Carolina,1983,8.52,9.84
Rhode Island,1983,8.52,9.84
North Dakota,1983,8.22,9.84
Nevada,1983,8.08,9.84
West Virginia,1983,8.08,9.84
Arkansas,1983,7.93,9.84
Virginia,1983,7.78,9.84
District of Columbia,1983,7.34,9.84
Utah,1983,7.34,9.84
Idaho,1983,6.75,9.84
Illinois,1983,6.75,9.84
Ohio,1983,6.75,9.84
South Dakota,1983,6.75,9.84
Washington,1983,6.75,9.84
Kentucky,1983,6.31,9.84
Delaware,1983,5.87,9.84
Indiana,1983,5.87,9.84
Montana,1983,5.87,9.84
Colorado,1983,5.58,9.84
Kansas,1983,4.70,9.84
Nebraska,1983,4.70,9.84
Wyoming,1983,4.70,9.84
Texas,1983,4.12,9.84
Arizona,1983,0.00,9.84
Georgia,1983,3.68,9.84
Puerto Rico,1983,3.53,9.84
Alabama,1983,0.00,9.84
Florida,1983,0.00,9.84
Iowa,1983,0.00,9.84
Louisiana,1983,0.00,9.84
Mississippi,1983,0.00,9.84
Missouri,1983,0.00,9.84
South Carolina,1983,0.00,9.84
Tennessee,1983,0.00,9.84
Alaska,1984,10.83,9.43
Connecticut,1984,9.49,9.43
California,1984,9.43,9.43
Maine,1984,9.43,9.43
Maryland,1984,9.43,9.43
Massachusetts,1984,9.43,9.43
Michigan,1984,9.43,9.43
New Hampshire,1984,9.43,9.43
New Jersey,1984,9.43,9.43
New York,1984,9.43,9.43
Pennsylvania,1984,9.43,9.43
Vermont,1984,9.43,9.43
Wisconsin,1984,9.15,9.43
Hawaii,1984,8.73,9.43
Minnesota,1984,8.73,9.43
Oklahoma,1984,8.73,9.43
Oregon,1984,8.73,9.43
New Mexico,1984,8.17,9.43
North Carolina,1984,8.17,9.43
Rhode Island,1984,8.17,9.43
North Dakota,1984,7.88,9.43
Nevada,1984,7.75,9.43
West Virginia,1984,7.75,9.43
Arkansas,1984,7.60,9.43
Virginia,1984,7.46,9.43
District of Columbia,1984,7.03,9.43
Utah,1984,7.03,9.43
Idaho,1984,6.48,9.43
Illinois,1984,6.48,9.43
Ohio,1984,6.48,9.43
South Dakota,1984,6.48,9.43
Washington,1984,6.48,9.43
Kentucky,1984,6.05,9.43
Delaware,1984,5.63,9.43
Indiana,1984,5.63,9.43
Montana,1984,5.63,9.43
Colorado,1984,5.35,9.43
Kansas,1984,4.50,9.43
Nebraska,1984,4.50,9.43
Wyoming,1984,4.50,9.43
Texas,1984,3.95,9.43
Arizona,1984,0.00,9.43
Georgia,1984,3.52,9.43
Puerto Rico,1984,3.38,9.43
Alabama,1984,0.00,9.43
Florida,1984,0.00,9.43
Iowa,1984,0.00,9.43
Louisiana,1984,0.00,9.43
Mississippi,1984,0.00,9.43
Missouri,1984,0.00,9.43
South Carolina,1984,0.00,9.43
Tennessee,1984,0.00,9.43
Alaska,1985,10.47,9.10
Connecticut,1985,9.16,9.10
California,1985,9.10,9.10
Maine,1985,9.10,9.10
Maryland,1985,9.10,9.10
Massachusetts,1985,9.10,9.10
Michigan,1985,9.10,9.10
New Hampshire,1985,9.10,9.10
New Jersey,1985,9.10,9.10
New York,1985,9.10,9.10
Pennsylvania,1985,9.10,9.10
Vermont,1985,9.10,9.10
Wisconsin,1985,8.83,9.10
Hawaii,1985,8.43,9.10
Minnesota,1985,8.43,9.10
Oklahoma,1985,8.43,9.10
Oregon,1985,8.43,9.10
New Mexico,1985,7.88,9.10
North Carolina,1985,7.88,9.10
Rhode Island,1985,7.88,9.10
North Dakota,1985,7.61,9.10
Nevada,1985,7.48,9.10
West Virginia,1985,7.48,9.10
Arkansas,1985,7.34,9.10
Virginia,1985,7.20,9.10
District of Columbia,1985,6.80,9.10
Utah,1985,6.80,9.10
Idaho,1985,6.25,9.10
Illinois,1985,6.25,9.10
Ohio,1985,6.25,9.10
South Dakota,1985,6.25,9.10
Washington,1985,6.25,9.10
Kentucky,1985,5.85,9.10
Delaware,1985,5.44,9.10
Indiana,1985,5.44,9.10
Montana,1985,5.44,9.10
Colorado,1985,5.17,9.10
Kansas,1985,4.35,9.10
Nebraska,1985,4.35,9.10
Wyoming,1985,4.35,9.10
Texas,1985,3.81,9.10
Arizona,1985,0.00,9.10
Georgia,1985,3.39,9.10
Puerto Rico,1985,3.26,9.10
Alabama,1985,0.00,9.10
Florida,1985,0.00,9.10
Iowa,1985,0.00,9.10
Louisiana,1985,0.00,9.10
Mississippi,1985,0.00,9.10
Missouri,1985,0.00,9.10
South Carolina,1985,0.00,9.10
Tennessee,1985,0.00,9.10
Alaska,1986,10.28,8.95
Connecticut,1986,8.99,8.95
California,1986,8.95,8.95
Maine,1986,8.95,8.95
Maryland,1986,8.95,8.95
Massachusetts,1986,8.95,8.95
Michigan,1986,8.95,8.95
New Hampshire,1986,8.95,8.95
New Jersey,1986,8.95,8.95
New York,1986,8.95,8.95
Pennsylvania,1986,8.95,8.95
Vermont,1986,8.95,8.95
Wisconsin,1986,8.67,8.95
Hawaii,1986,8.28,8.95
Minnesota,1986,8.28,8.95
Oklahoma,1986,8.28,8.95
Oregon,1986,8.28,8.95
New Mexico,1986,7.74,8.95
North Carolina,1986,7.74,8.95
Rhode Island,1986,7.74,8.95
North Dakota,1986,7.48,8.95
Nevada,1986,7.34,8.95
West Virginia,1986,7.34,8.95
Arkansas,1986,7.20,8.95
Virginia,1986,7.07,8.95
District of Columbia,1986,6.67,8.95
Utah,1986,6.67,8.95
Idaho,1986,6.14,8.95
Illinois,1986,6.14,8.95
Ohio,1986,6.14,8.95
South Dakota,1986,6.14,8.95
Washington,1986,6.14,8.95
Kentucky,1986,5.73,8.95
Delaware,1986,5.34,8.95
Indiana,1986,5.34,8.95
Montana,1986,5.34,8.95
Colorado,1986,5.07,8.95
Kansas,1986,4.28,8.95
Nebraska,1986,4.28,8.95
Wyoming,1986,4.28,8.95
Texas,1986,3.73,8.95
Arizona,1986,0.00,8.95
Georgia,1986,3.34,8.95
Puerto Rico,1986,3.20,8.95
Alabama,1986,0.00,8.95
Florida,1986,0.00,8.95
Iowa,1986,0.00,8.95
Louisiana,1986,0.00,8.95
Mississippi,1986,0.00,8.95
Missouri,1986,0.00,8.95
South Carolina,1986,0.00,8.95
Tennessee,1986,0.00,8.95
Alaska,1987,9.92,8.63
Connecticut,1987,8.67,8.63
California,1987,8.63,8.63
Maine,1987,8.63,8.63
Maryland,1987,8.63,8.63
Massachusetts,1987,8.63,8.63
Michigan,1987,8.63,8.63
New Hampshire,1987,8.63,8.63
New Jersey,1987,8.63,8.63
New York,1987,8.63,8.63
Pennsylvania,1987,8.63,8.63
Vermont,1987,8.63,8.63
Wisconsin,1987,8.37,8.63
Hawaii,1987,7.98,8.63
Minnesota,1987,7.98,8.63
Oklahoma,1987,7.98,8.63
Oregon,1987,7.98,8.63
New Mexico,1987,7.46,8.63
North Carolina,1987,7.46,8.63
Rhode Island,1987,7.46,8.63
North Dakota,1987,7.22,8.63
Nevada,1987,7.08,8.63
West Virginia,1987,7.08,8.63
Arkansas,1987,6.96,8.63
Virginia,1987,6.82,8.63
District of Columbia,1987,6.44,8.63
Utah,1987,6.44,8.63
Idaho,1987,5.93,8.63
Illinois,1987,5.93,8.63
Ohio,1987,5.93,8.63
South Dakota,1987,5.93,8.63
Washington,1987,5.93,8.63
Kentucky,1987,5.54,8.63
Delaware,1987,5.15,8.63
Indiana,1987,5.15,8.63
Montana,1987,5.15,8.63
Colorado,1987,4.90,8.63
Kansas,1987,4.12,8.63
Nebraska,1987,4.12,8.63
Wyoming,1987,4.12,8.63
Texas,1987,3.61,8.63
Arizona,1987,0.00,8.63
Georgia,1987,3.22,8.63
Puerto Rico,1987,3.09,8.63
Alabama,1987,0.00,8.63
Florida,1987,0.00,8.63
Iowa,1987,0.00,8.63
Louisiana,1987,0.00,8.63
Mississippi,1987,0.00,8.63
Missouri,1987,0.00,8.63
South Carolina,1987,0.00,8.63
Tennessee,1987,0.00,8.63
Alaska,1988,9.52,8.28
Hawaii,1988,9.52,8.28
Connecticut,1988,9.27,8.28
Maine,1988,9.03,8.28
Massachusetts,1988,9.03,8.28
Rhode Island,1988,9.03,8.28
Minnesota,1988,8.78,8.28
New Hampshire,1988,8.78,8.28
Vermont,1988,8.78,8.28
District of Columbia,1988,8.65,8.28
California,1988,8.28,8.28
Delaware,1988,8.28,8.28
Illinois,1988,8.28,8.28
Kentucky,1988,8.28,8.28
Maryland,1988,8.28,8.28
Michigan,1988,8.28,8.28
Montana,1988,8.28,8.28
Nebraska,1988,8.28,8.28
Nevada,1988,8.28,8.28
New Jersey,1988,8.28,8.28
New Mexico,1988,8.28,8.28
New York,1988,8.28,8.28
North Carolina,1988,8.28,8.28
Oklahoma,1988,8.28,8.28
Oregon,1988,8.28,8.28
Pennsylvania,1988,8.28,8.28
Texas,1988,8.28,8.28
West Virginia,1988,8.28,8.28
Wisconsin,1988,8.28,8.28
Arkansas,1988,8.04,8.28
Georgia,1988,8.04,8.28
Colorado,1988,7.42,8.28
North Dakota,1988,6.92,8.28
South Dakota,1988,6.92,8.28
Virginia,1988,6.55,8.28
Utah,1988,6.19,8.28
Idaho,1988,5.69,8.28
Ohio,1988,5.69,8.28
Washington,1988,5.69,8.28
Indiana,1988,4.94,8.28
Kansas,1988,3.96,8.28
Wyoming,1988,3.96,8.28
Arizona,1988,0.00,8.28
Puerto Rico,1988,2.96,8.28
Alabama,1988,0.00,8.28
Florida,1988,0.00,8.28
Iowa,1988,0.00,8.28
Louisiana,1988,0.00,8.28
Mississippi,1988,0.00,8.28
Missouri,1988,0.00,8.28
South Carolina,1988,0.00,8.28
Tennessee,1988,0.00,8.28
Alaska,1989,9.08,7.91
Hawaii,1989,9.08,7.91
Connecticut,1989,8.84,7.91
Maine,1989,8.61,7.91
Massachusetts,1989,8.61,7.91
Rhode Island,1989,8.61,7.91
Minnesota,1989,8.38,7.91
New Hampshire,1989,8.38,7.91
Vermont,1989,8.38,7.91
District of Columbia,1989,8.26,7.91
California,1989,7.91,7.91
Delaware,1989,7.91,7.91
Illinois,1989,7.91,7.91
Kentucky,1989,7.91,7.91
Maryland,1989,7.91,7.91
Michigan,1989,7.91,7.91
Montana,1989,7.91,7.91
Nebraska,1989,7.91,7.91
Nevada,1989,7.91,7.91
New Jersey,1989,7.91,7.91
New Mexico,1989,7.91,7.91
New York,1989,7.91,7.91
North Carolina,1989,7.91,7.91
Oklahoma,1989,7.91,7.91
Oregon,1989,7.91,7.91
Pennsylvania,1989,7.91,7.91
Texas,1989,7.91,7.91
West Virginia,1989,7.91,7.91
Wisconsin,1989,7.91,7.91
Arkansas,1989,7.67,7.91
Georgia,1989,7.67,7.91
Colorado,1989,7.08,7.91
North Dakota,1989,6.61,7.91
South Dakota,1989,6.61,7.91
Virginia,1989,6.25,7.91
Utah,1989,5.89,7.91
Idaho,1989,5.43,7.91
Ohio,1989,5.43,7.91
Washington,1989,5.43,7.91
Indiana,1989,4.72,7.91
Kansas,1989,3.78,7.91
Wyoming,1989,3.78,7.91
Puerto Rico,1989,2.83,7.91
Arizona,1989,0.00,7.91
Alabama,1989,0.00,7.91
Florida,1989,0.00,7.91
Iowa,1989,0.00,7.91
Louisiana,1989,0.00,7.91
Mississippi,1989,0.00,7.91
Missouri,1989,0.00,7.91
South Carolina,1989,0.00,7.91
Tennessee,1989,0.00,7.91
Alaska,1990,8.62,7.50
Hawaii,1990,8.62,7.50
Connecticut,1990,8.39,7.50
Maine,1990,8.17,7.50
Massachusetts,1990,8.17,7.50
Rhode Island,1990,8.17,7.50
Minnesota,1990,7.95,7.50
New Hampshire,1990,7.95,7.50
Vermont,1990,7.95,7.50
District of Columbia,1990,7.84,7.50
California,1990,7.50,7.50
Delaware,1990,7.50,7.50
Illinois,1990,7.50,7.50
Kentucky,1990,7.50,7.50
Maryland,1990,7.50,7.50
Michigan,1990,7.50,7.50
Montana,1990,7.50,7.50
Nebraska,1990,7.50,7.50
Nevada,1990,7.50,7.50
New Jersey,1990,7.50,7.50
New Mexico,1990,7.50,7.50
New York,1990,7.50,7.50
North Carolina,1990,7.50,7.50
Oklahoma,1990,7.50,7.50
Oregon,1990,7.50,7.50
Pennsylvania,1990,7.50,7.50
Texas,1990,7.50,7.50
West Virginia,1990,7.50,7.50
Wisconsin,1990,7.50,7.50
Arkansas,1990,7.27,7.50
Georgia,1990,7.27,7.50
Colorado,1990,6.72,7.50
North Dakota,1990,6.27,7.50
South Dakota,1990,6.27,7.50
Virginia,1990,5.93,7.50
Utah,1990,5.60,7.50
Idaho,1990,5.15,7.50
Ohio,1990,5.15,7.50
Washington,1990,5.15,7.50
Indiana,1990,4.48,7.50
Kansas,1990,3.59,7.50
Wyoming,1990,3.59,7.50
Puerto Rico,1990,2.68,7.50
Arizona,1990,0.00,7.50
Alabama,1990,0.00,7.50
Florida,1990,0.00,7.50
Iowa,1990,0.00,7.50
Louisiana,1990,0.00,7.50
Mississippi,1990,0.00,7.50
Missouri,1990,0.00,7.50
South Carolina,1990,0.00,7.50
Tennessee,1990,0.00,7.50
Oregon,1991,10.20,8.17
Alaska,1991,9.24,8.17
California,1991,9.13,8.17
Connecticut,1991,9.13,8.17
Iowa,1991,9.13,8.17
Minnesota,1991,9.13,8.17
Rhode Island,1991,9.13,8.17
Washington,1991,9.13,8.17
Hawaii,1991,8.27,8.17
Maine,1991,8.27,8.17
New Hampshire,1991,8.27,8.17
Vermont,1991,8.27,8.17
Delaware,1991,8.17,8.17
Idaho,1991,8.17,8.17
Illinois,1991,8.17,8.17
Kentucky,1991,8.17,8.17
Maryland,1991,8.17,8.17
Missouri,1991,8.17,8.17
Montana,1991,8.17,8.17
Nevada,1991,8.17,8.17
New Jersey,1991,8.17,8.17
New York,1991,8.17,8.17
Ohio,1991,8.17,8.17
Oklahoma,1991,8.17,8.17
Pennsylvania,1991,8.17,8.17
South Dakota,1991,8.17,8.17
Utah,1991,8.17,8.17
Wisconsin,1991,8.17,8.17
Massachusetts,1991,8.05,8.17
District of Columbia,1991,7.95,8.17
North Dakota,1991,7.31,8.17
Arkansas,1991,7.19,8.17
Indiana,1991,7.19,8.17
Michigan,1991,7.19,8.17
Nebraska,1991,7.19,8.17
New Mexico,1991,7.19,8.17
North Carolina,1991,7.19,8.17
Texas,1991,7.19,8.17
West Virginia,1991,7.19,8.17
Georgia,1991,6.98,8.17
Colorado,1991,6.45,8.17
Kansas,1991,5.69,8.17
Virginia,1991,5.69,8.17
Wyoming,1991,3.44,8.17
Puerto Rico,1991,2.58,8.17
Arizona,1991,0.00,8.17
Alabama,1991,0.00,8.17
Florida,1991,0.00,8.17
Louisiana,1991,0.00,8.17
Mississippi,1991,0.00,8.17
South Carolina,1991,0.00,8.17
Tennessee,1991,0.00,8.17
Alaska,1992,9.91,8.87
Oregon,1992,9.91,8.87
Iowa,1992,9.69,8.87
Rhode Island,1992,9.27,8.87
Connecticut,1992,8.90,8.87
California,1992,8.87,8.87
Delaware,1992,8.87,8.87
Idaho,1992,8.87,8.87
Illinois,1992,8.87,8.87
Kentucky,1992,8.87,8.87
Maine,1992,8.87,8.87
Maryland,1992,8.87,8.87
Massachusetts,1992,8.87,8.87
Minnesota,1992,8.87,8.87
Missouri,1992,8.87,8.87
Montana,1992,8.87,8.87
Nebraska,1992,8.87,8.87
Nevada,1992,8.87,8.87
New Hampshire,1992,8.87,8.87
New Jersey,1992,8.87,8.87
New York,1992,8.87,8.87
North Dakota,1992,8.87,8.87
Ohio,1992,8.87,8.87
Oklahoma,1992,8.87,8.87
Pennsylvania,1992,8.87,8.87
South Dakota,1992,8.87,8.87
Utah,1992,8.87,8.87
Vermont,1992,8.87,8.87
Washington,1992,8.87,8.87
District of Columbia,1992,8.13,8.87
Hawaii,1992,8.03,8.87
North Carolina,1992,7.93,8.87
West Virginia,1992,7.93,8.87
Wisconsin,1992,7.93,8.87
Arkansas,1992,7.61,8.87
Virginia,1992,7.61,8.87
Indiana,1992,6.99,8.87
Michigan,1992,6.99,8.87
New Mexico,1992,6.99,8.87
Texas,1992,6.99,8.87
Georgia,1992,6.77,8.87
Colorado,1992,6.25,8.87
Kansas,1992,5.53,8.87
Wyoming,1992,3.34,8.87
Puerto Rico,1992,2.50,8.87
Arizona,1992,0.00,8.87
Alabama,1992,0.00,8.87
Florida,1992,0.00,8.87
Louisiana,1992,0.00,8.87
Mississippi,1992,0.00,8.87
South Carolina,1992,0.00,8.87
Tennessee,1992,0.00,8.87
Alaska,1993,9.61,8.61
Oregon,1993,9.61,8.61
Iowa,1993,9.41,8.61
Rhode Island,1993,9.01,8.61
Connecticut,1993,8.64,8.61
California,1993,8.61,8.61
Delaware,1993,8.61,8.61
Idaho,1993,8.61,8.61
Illinois,1993,8.61,8.61
Kentucky,1993,8.61,8.61
Maine,1993,8.61,8.61
Maryland,1993,8.61,8.61
Massachusetts,1993,8.61,8.61
Minnesota,1993,8.61,8.61
Missouri,1993,8.61,8.61
Montana,1993,8.61,8.61
Nebraska,1993,8.61,8.61
Nevada,1993,8.61,8.61
New Hampshire,1993,8.61,8.61
New Jersey,1993,8.61,8.61
New York,1993,8.61,8.61
North Dakota,1993,8.61,8.61
Ohio,1993,8.61,8.61
Oklahoma,1993,8.61,8.61
Pennsylvania,1993,8.61,8.61
South Dakota,1993,8.61,8.61
Utah,1993,8.61,8.61
Vermont,1993,8.61,8.61
Washington,1993,8.61,8.61
District of Columbia,1993,7.89,8.61
Hawaii,1993,7.79,8.61
North Carolina,1993,7.69,8.61
West Virginia,1993,7.69,8.61
Wisconsin,1993,7.69,8.61
Arkansas,1993,7.39,8.61
Virginia,1993,7.39,8.61
Indiana,1993,6.79,8.61
Michigan,1993,6.79,8.61
New Mexico,1993,6.79,8.61
Texas,1993,6.79,8.61
Georgia,1993,6.58,8.61
Colorado,1993,6.07,8.61
Kansas,1993,5.36,8.61
Wyoming,1993,3.23,8.61
Puerto Rico,1993,2.43,8.61
Arizona,1993,0.00,8.61
Alabama,1993,0.00,8.61
Florida,1993,0.00,8.61
Louisiana,1993,0.00,8.61
Mississippi,1993,0.00,8.61
South Carolina,1993,0.00,8.61
Tennessee,1993,0.00,8.61
Hawaii,1994,10.36,8.39
New Jersey,1994,9.96,8.39
Alaska,1994,9.38,8.39
Oregon,1994,9.38,8.39
Iowa,1994,9.18,8.39
Rhode Island,1994,8.79,8.39
Connecticut,1994,8.43,8.39
Arkansas,1994,8.39,8.39
California,1994,8.39,8.39
Delaware,1994,8.39,8.39
District of Columbia,1994,8.39,8.39
Idaho,1994,8.39,8.39
Illinois,1994,8.39,8.39
Kentucky,1994,8.39,8.39
Maine,1994,8.39,8.39
Maryland,1994,8.39,8.39
Massachusetts,1994,8.39,8.39
Minnesota,1994,8.39,8.39
Missouri,1994,8.39,8.39
Montana,1994,8.39,8.39
Nebraska,1994,8.39,8.39
Nevada,1994,8.39,8.39
New Hampshire,1994,8.39,8.39
New Mexico,1994,8.39,8.39
New York,1994,8.39,8.39
North Carolina,1994,8.39,8.39
North Dakota,1994,8.39,8.39
Ohio,1994,8.39,8.39
Oklahoma,1994,8.39,8.39
Pennsylvania,1994,8.39,8.39
South Dakota,1994,8.39,8.39
Utah,1994,8.39,8.39
Vermont,1994,8.39,8.39
Virginia,1994,8.39,8.39
Washington,1994,8.39,8.39
West Virginia,1994,8.39,8.39
Wisconsin,1994,8.39,8.39
Indiana,1994,6.62,8.39
Michigan,1994,6.62,8.39
Texas,1994,6.62,8.39
Georgia,1994,6.41,8.39
Colorado,1994,5.93,8.39
Kansas,1994,5.24,8.39
Wyoming,1994,3.16,8.39
Puerto Rico,1994,2.36,8.39
Arizona,1994,0.00,8.39
Alabama,1994,0.00,8.39
Florida,1994,0.00,8.39
Louisiana,1994,0.00,8.39
Mississippi,1994,0.00,8.39
South Carolina,1994,0.00,8.39
Tennessee,1994,0.00,8.39
Hawaii,1995,10.08,8.15
New Jersey,1995,9.69,8.15
Alaska,1995,9.12,8.15
Oregon,1995,9.12,8.15
Iowa,1995,8.92,8.15
Rhode Island,1995,8.54,8.15
Connecticut,1995,8.20,8.15
Arkansas,1995,8.15,8.15
California,1995,8.15,8.15
Delaware,1995,8.15,8.15
District of Columbia,1995,8.15,8.15
Idaho,1995,8.15,8.15
Illinois,1995,8.15,8.15
Kentucky,1995,8.15,8.15
Maine,1995,8.15,8.15
Maryland,1995,8.15,8.15
Massachusetts,1995,8.15,8.15
Minnesota,1995,8.15,8.15
Missouri,1995,8.15,8.15
Montana,1995,8.15,8.15
Nebraska,1995,8.15,8.15
Nevada,1995,8.15,8.15
New Hampshire,1995,8.15,8.15
New Mexico,1995,8.15,8.15
New York,1995,8.15,8.15
North Carolina,1995,8.15,8.15
North Dakota,1995,8.15,8.15
Ohio,1995,8.15,8.15
Oklahoma,1995,8.15,8.15
Pennsylvania,1995,8.15,8.15
South Dakota,1995,8.15,8.15
Utah,1995,8.15,8.15
Vermont,1995,8.15,8.15
Virginia,1995,8.15,8.15
Washington,1995,8.15,8.15
West Virginia,1995,8.15,8.15
Wisconsin,1995,8.15,8.15
Indiana,1995,6.44,8.15
Michigan,1995,6.44,8.15
Texas,1995,6.44,8.15
Georgia,1995,6.24,8.15
Colorado,1995,5.76,8.15
Kansas,1995,5.09,8.15
Wyoming,1995,3.08,8.15
Puerto Rico,1995,2.31,8.15
Arizona,1995,0.00,8.15
Alabama,1995,0.00,8.15
Florida,1995,0.00,8.15
Louisiana,1995,0.00,8.15
Mississippi,1995,0.00,8.15
South Carolina,1995,0.00,8.15
Tennessee,1995,0.00,8.15
District of Columbia,1996,9.78,7.93
Hawaii,1996,9.78,7.93
New Jersey,1996,9.42,7.93
Washington,1996,9.14,7.93
Alaska,1996,8.86,7.93
Massachusetts,1996,8.86,7.93
Oregon,1996,8.86,7.93
Vermont,1996,8.86,7.93
Delaware,1996,8.67,7.93
Iowa,1996,8.67,7.93
Rhode Island,1996,8.30,7.93
Connecticut,1996,7.96,7.93
Arkansas,1996,7.93,7.93
California,1996,7.93,7.93
Idaho,1996,7.93,7.93
Illinois,1996,7.93,7.93
Kentucky,1996,7.93,7.93
Maine,1996,7.93,7.93
Maryland,1996,7.93,7.93
Minnesota,1996,7.93,7.93
Missouri,1996,7.93,7.93
Montana,1996,7.93,7.93
Nebraska,1996,7.93,7.93
Nevada,1996,7.93,7.93
New Hampshire,1996,7.93,7.93
New Mexico,1996,7.93,7.93
New York,1996,7.93,7.93
North Carolina,1996,7.93,7.93
North Dakota,1996,7.93,7.93
Ohio,1996,7.93,7.93
Oklahoma,1996,7.93,7.93
Pennsylvania,1996,7.93,7.93
South Dakota,1996,7.93,7.93
Utah,1996,7.93,7.93
Virginia,1996,7.93,7.93
West Virginia,1996,7.93,7.93
Wisconsin,1996,7.93,7.93
Indiana,1996,6.24,7.93
Michigan,1996,6.24,7.93
Texas,1996,6.24,7.93
Georgia,1996,6.06,7.93
Colorado,1996,5.60,7.93
Kansas,1996,4.94,7.93
Wyoming,1996,2.99,7.93
Puerto Rico,1996,2.24,7.93
Arizona,1996,0.00,7.93
Alabama,1996,0.00,7.93
Florida,1996,0.00,7.93
Louisiana,1996,0.00,7.93
Mississippi,1996,0.00,7.93
South Carolina,1996,0.00,7.93
Tennessee,1996,0.00,7.93
District of Columbia,1997,10.48,8.66
Oregon,1997,10.02,8.66
Alaska,1997,9.57,8.66
Hawaii,1997,9.57,8.66
Massachusetts,1997,9.57,8.66
Rhode Island,1997,9.39,8.66
New Jersey,1997,9.21,8.66
Delaware,1997,9.12,8.66
Vermont,1997,9.12,8.66
Washington,1997,8.93,8.66
Connecticut,1997,8.70,8.66
California,1997,8.66,8.66
Colorado,1997,8.66,8.66
Illinois,1997,8.66,8.66
Iowa,1997,8.66,8.66
Maine,1997,8.66,8.66
Maryland,1997,8.66,8.66
Missouri,1997,8.66,8.66
Montana,1997,8.66,8.66
Nevada,1997,8.66,8.66
New Hampshire,1997,8.66,8.66
North Dakota,1997,8.66,8.66
Oklahoma,1997,8.66,8.66
Pennsylvania,1997,8.66,8.66
Utah,1997,8.66,8.66
Virginia,1997,8.66,8.66
Wisconsin,1997,8.66,8.66
Arkansas,1997,7.75,8.66
Idaho,1997,7.75,8.66
Kentucky,1997,7.75,8.66
Minnesota,1997,7.75,8.66
Nebraska,1997,7.75,8.66
New Mexico,1997,7.75,8.66
New York,1997,7.75,8.66
North Carolina,1997,7.75,8.66
Ohio,1997,7.75,8.66
South Dakota,1997,7.75,8.66
West Virginia,1997,7.75,8.66
Indiana,1997,6.11,8.66
Michigan,1997,6.11,8.66
Texas,1997,6.11,8.66
Georgia,1997,5.93,8.66
Kansas,1997,4.83,8.66
Wyoming,1997,2.92,8.66
Puerto Rico,1997,2.18,8.66
Arizona,1997,0.00,8.66
Alabama,1997,0.00,8.66
Florida,1997,0.00,8.66
Louisiana,1997,0.00,8.66
Mississippi,1997,0.00,8.66
South Carolina,1997,0.00,8.66
Tennessee,1997,0.00,8.66
District of Columbia,1998,11.04,9.24
Oregon,1998,10.77,9.24
Alaska,1998,10.15,9.24
Hawaii,1998,9.42,9.24
Massachusetts,1998,9.42,9.24
Vermont,1998,9.42,9.24
Connecticut,1998,9.30,9.24
Arkansas,1998,9.24,9.24
California,1998,9.24,9.24
Colorado,1998,9.24,9.24
Delaware,1998,9.24,9.24
Idaho,1998,9.24,9.24
Illinois,1998,9.24,9.24
Iowa,1998,9.24,9.24
Maine,1998,9.24,9.24
Maryland,1998,9.24,9.24
Michigan,1998,9.24,9.24
Minnesota,1998,9.24,9.24
Missouri,1998,9.24,9.24
Montana,1998,9.24,9.24
Nebraska,1998,9.24,9.24
Nevada,1998,9.24,9.24
New Hampshire,1998,9.24,9.24
North Carolina,1998,9.24,9.24
North Dakota,1998,9.24,9.24
Oklahoma,1998,9.24,9.24
Pennsylvania,1998,9.24,9.24
Rhode Island,1998,9.24,9.24
South Dakota,1998,9.24,9.24
Utah,1998,9.24,9.24
Virginia,1998,9.24,9.24
Wisconsin,1998,9.24,9.24
New Jersey,1998,9.06,9.24
Washington,1998,8.80,9.24
West Virginia,1998,8.53,9.24
Kentucky,1998,7.62,9.24
New Mexico,1998,7.62,9.24
New York,1998,7.62,9.24
Ohio,1998,7.62,9.24
Indiana,1998,6.02,9.24
Texas,1998,6.02,9.24
Georgia,1998,5.84,9.24
Kansas,1998,4.76,9.24
Wyoming,1998,2.87,9.24
Puerto Rico,1998,2.15,9.24
Arizona,1998,0.00,9.24
Alabama,1998,0.00,9.24
Florida,1998,0.00,9.24
Louisiana,1998,0.00,9.24
Mississippi,1998,0.00,9.24
South Carolina,1998,0.00,9.24
Tennessee,1998,0.00,9.24
Alabama,1999,0.00,9.05
Alaska,1999,9.92,9.05
Arkansas,1999,9.05,9.05
California,1999,9.05,9.05
Colorado,1999,9.05,9.05
Connecticut,1999,9.09,9.05
Delaware,1999,9.05,9.05
District of Columbia,1999,10.80,9.05
Florida,1999,0.00,9.05
Georgia,1999,5.71,9.05
Hawaii,1999,9.22,9.05
Idaho,1999,9.05,9.05
Illinois,1999,9.05,9.05
Indiana,1999,5.88,9.05
Iowa,1999,9.05,9.05
Kansas,1999,4.65,9.05
Kentucky,1999,7.46,9.05
Louisiana,1999,0.00,9.05
Maine,1999,9.05,9.05
Maryland,1999,9.05,9.05
Massachusetts,1999,9.22,9.05
Michigan,1999,9.05,9.05
Minnesota,1999,9.05,9.05
Mississippi,1999,0.00,9.05
Missouri,1999,9.05,9.05
Montana,1999,9.05,9.05
Nebraska,1999,9.05,9.05
Nevada,1999,9.05,9.05
New Hampshire,1999,9.05,9.05
New Jersey,1999,8.87,9.05
New Mexico,1999,7.46,9.05
New York,1999,7.46,9.05
North Carolina,1999,9.05,9.05
North Dakota,1999,9.05,9.05
Ohio,1999,7.46,9.05
Oklahoma,1999,9.05,9.05
Oregon,1999,10.54,9.05
Pennsylvania,1999,9.05,9.05
Puerto Rico,1999,2.10,9.05
Rhode Island,1999,9.05,9.05
South Carolina,1999,0.00,9.05
South Dakota,1999,9.05,9.05
Tennessee,1999,0.00,9.05
Texas,1999,5.88,9.05
Arizona,1999,0.00,9.05
Utah,1999,9.05,9.05
Vermont,1999,9.22,9.05
Virginia,1999,9.05,9.05
Washington,1999,8.61,9.05
West Virginia,1999,8.34,9.05
Wisconsin,1999,9.05,9.05
Wyoming,1999,2.80,9.05
Oregon,2000,11.04,8.75
Washington,2000,11.04,8.75
Connecticut,2000,10.45,8.75
District of Columbia,2000,10.45,8.75
Massachusetts,2000,10.19,8.75
California,2000,9.77,8.75
Vermont,2000,9.77,8.75
Alaska,2000,9.60,8.75
Delaware,2000,9.60,8.75
Rhode Island,2000,9.60,8.75
Hawaii,2000,8.92,8.75
Arkansas,2000,8.75,8.75
Colorado,2000,8.75,8.75
Idaho,2000,8.75,8.75
Illinois,2000,8.75,8.75
Indiana,2000,8.75,8.75
Iowa,2000,8.75,8.75
Kentucky,2000,8.75,8.75
Maine,2000,8.75,8.75
Maryland,2000,8.75,8.75
Michigan,2000,8.75,8.75
Missouri,2000,8.75,8.75
Nebraska,2000,8.75,8.75
Nevada,2000,8.75,8.75
New Hampshire,2000,8.75,8.75
New Jersey,2000,8.75,8.75
North Carolina,2000,8.75,8.75
North Dakota,2000,8.75,8.75
Pennsylvania,2000,8.75,8.75
South Dakota,2000,8.75,8.75
Utah,2000,8.75,8.75
Virginia,2000,8.75,8.75
West Virginia,2000,8.75,8.75
Wisconsin,2000,8.75,8.75
Minnesota,2000,8.32,8.75
New Mexico,2000,7.22,8.75
New York,2000,7.22,8.75
Montana,2000,6.80,8.75
Puerto Rico,2000,6.13,8.75
Texas,2000,5.69,8.75
Georgia,2000,5.52,8.75
Ohio,2000,4.76,8.75
Kansas,2000,4.50,8.75
Oklahoma,2000,3.39,8.75
Wyoming,2000,2.71,8.75
Arizona,2000,0.00,8.75
Alabama,2000,0.00,8.75
Florida,2000,0.00,8.75
Louisiana,2000,0.00,8.75
Mississippi,2000,0.00,8.75
South Carolina,2000,0.00,8.75
Tennessee,2000,0.00,8.75
Massachusetts,2001,11.15,8.51
Washington,2001,11.10,8.51
Oregon,2001,10.73,8.51
Connecticut,2001,10.57,8.51
California,2001,10.33,8.51
Vermont,2001,10.33,8.51
Delaware,2001,10.16,8.51
District of Columbia,2001,10.16,8.51
Rhode Island,2001,10.16,8.51
Alaska,2001,9.33,8.51
Hawaii,2001,8.67,8.51
Arkansas,2001,8.51,8.51
Colorado,2001,8.51,8.51
Idaho,2001,8.51,8.51
Illinois,2001,8.51,8.51
Indiana,2001,8.51,8.51
Iowa,2001,8.51,8.51
Kentucky,2001,8.51,8.51
Maine,2001,8.51,8.51
Maryland,2001,8.51,8.51
Michigan,2001,8.51,8.51
Missouri,2001,8.51,8.51
Nebraska,2001,8.51,8.51
Nevada,2001,8.51,8.51
New Hampshire,2001,8.51,8.51
New Jersey,2001,8.51,8.51
New York,2001,8.51,8.51
North Carolina,2001,8.51,8.51
North Dakota,2001,8.51,8.51
Pennsylvania,2001,8.51,8.51
South Dakota,2001,8.51,8.51
Utah,2001,8.51,8.51
Virginia,2001,8.51,8.51
West Virginia,2001,8.51,8.51
Wisconsin,2001,8.51,8.51
Minnesota,2001,8.10,8.51
New Mexico,2001,7.02,8.51
Montana,2001,6.61,8.51
Puerto Rico,2001,5.96,8.51
Texas,2001,5.53,8.51
Georgia,2001,5.37,8.51
Ohio,2001,4.63,8.51
Kansas,2001,4.38,8.51
Oklahoma,2001,3.30,8.51
Wyoming,2001,2.65,8.51
Arizona,2001,0.00,8.51
Alabama,2001,0.00,8.51
Florida,2001,0.00,8.51
Louisiana,2001,0.00,8.51
Mississippi,2001,0.00,8.51
South Carolina,2001,0.00,8.51
Tennessee,2001,0.00,8.51
Washington,2002,11.22,8.37
California,2002,10.98,8.37
Massachusetts,2002,10.98,8.37
Connecticut,2002,10.89,8.37
Oregon,2002,10.57,8.37
Vermont,2002,10.17,8.37
Delaware,2002,10.00,8.37
District of Columbia,2002,10.00,8.37
Rhode Island,2002,10.00,8.37
Hawaii,2002,9.35,8.37
Maine,2002,9.35,8.37
Alaska,2002,9.18,8.37
Arkansas,2002,8.37,8.37
Colorado,2002,8.37,8.37
Georgia,2002,8.37,8.37
Idaho,2002,8.37,8.37
Illinois,2002,8.37,8.37
Indiana,2002,8.37,8.37
Iowa,2002,8.37,8.37
Kentucky,2002,8.37,8.37
Maryland,2002,8.37,8.37
Michigan,2002,8.37,8.37
Missouri,2002,8.37,8.37
Nebraska,2002,8.37,8.37
Nevada,2002,8.37,8.37
New Hampshire,2002,8.37,8.37
New Jersey,2002,8.37,8.37
New York,2002,8.37,8.37
North Carolina,2002,8.37,8.37
North Dakota,2002,8.37,8.37
Pennsylvania,2002,8.37,8.37
South Dakota,2002,8.37,8.37
Texas,2002,8.37,8.37
Utah,2002,8.37,8.37
Virginia,2002,8.37,8.37
West Virginia,2002,8.37,8.37
Wisconsin,2002,8.37,8.37
Wyoming,2002,8.37,8.37
Minnesota,2002,7.97,8.37
New Mexico,2002,6.91,8.37
Montana,2002,6.50,8.37
Puerto Rico,2002,5.87,8.37
Ohio,2002,4.56,8.37
Kansas,2002,4.31,8.37
Oklahoma,2002,3.26,8.37
Arizona,2002,0.00,8.37
Alabama,2002,0.00,8.37
Florida,2002,0.00,8.37
Louisiana,2002,0.00,8.37
Mississippi,2002,0.00,8.37
South Carolina,2002,0.00,8.37
Tennessee,2002,0.00,8.37
Alaska,2003,11.37,8.19
Washington,2003,11.14,8.19
Connecticut,2003,10.97,8.19
Oregon,2003,10.97,8.19
California,2003,10.73,8.19
Massachusetts,2003,10.73,8.19
Hawaii,2003,9.94,8.19
Maine,2003,9.94,8.19
Vermont,2003,9.94,8.19
Delaware,2003,9.78,8.19
District of Columbia,2003,9.78,8.19
Rhode Island,2003,9.78,8.19
Arkansas,2003,8.19,8.19
Colorado,2003,8.19,8.19
Georgia,2003,8.19,8.19
Idaho,2003,8.19,8.19
Illinois,2003,8.19,8.19
Indiana,2003,8.19,8.19
Iowa,2003,8.19,8.19
Kentucky,2003,8.19,8.19
Maryland,2003,8.19,8.19
Michigan,2003,8.19,8.19
Missouri,2003,8.19,8.19
Nebraska,2003,8.19,8.19
Nevada,2003,8.19,8.19
New Hampshire,2003,8.19,8.19
New Jersey,2003,8.19,8.19
New York,2003,8.19,8.19
North Carolina,2003,8.19,8.19
North Dakota,2003,8.19,8.19
Pennsylvania,2003,8.19,8.19
South Dakota,2003,8.19,8.19
Texas,2003,8.19,8.19
Utah,2003,8.19,8.19
Virginia,2003,8.19,8.19
West Virginia,2003,8.19,8.19
Wisconsin,2003,8.19,8.19
Wyoming,2003,8.19,8.19
Minnesota,2003,7.79,8.19
New Mexico,2003,6.75,8.19
Montana,2003,6.36,8.19
Puerto Rico,2003,5.73,8.19
Ohio,2003,4.46,8.19
Kansas,2003,4.22,8.19
Oklahoma,2003,3.18,8.19
Arizona,2003,0.00,8.19
Alabama,2003,0.00,8.19
Florida,2003,0.00,8.19
Louisiana,2003,0.00,8.19
Mississippi,2003,0.00,8.19
South Carolina,2003,0.00,8.19
Tennessee,2003,0.00,8.19
Washington,2004,11.08,7.97
Alaska,2004,11.07,7.97
Connecticut,2004,10.99,7.97
Oregon,2004,10.91,7.97
California,2004,10.45,7.97
Massachusetts,2004,10.45,7.97
Rhode Island,2004,10.45,7.97
Vermont,2004,10.45,7.97
Hawaii,2004,9.68,7.97
Maine,2004,9.68,7.97
Delaware,2004,9.52,7.97
District of Columbia,2004,9.52,7.97
Illinois,2004,8.52,7.97
Arkansas,2004,7.97,7.97
Colorado,2004,7.97,7.97
Georgia,2004,7.97,7.97
Idaho,2004,7.97,7.97
Indiana,2004,7.97,7.97
Iowa,2004,7.97,7.97
Kentucky,2004,7.97,7.97
Maryland,2004,7.97,7.97
Michigan,2004,7.97,7.97
Missouri,2004,7.97,7.97
Nebraska,2004,7.97,7.97
Nevada,2004,7.97,7.97
New Hampshire,2004,7.97,7.97
New Jersey,2004,7.97,7.97
New Mexico,2004,7.97,7.97
New York,2004,7.97,7.97
North Carolina,2004,7.97,7.97
North Dakota,2004,7.97,7.97
Pennsylvania,2004,7.97,7.97
South Dakota,2004,7.97,7.97
Texas,2004,7.97,7.97
Utah,2004,7.97,7.97
Virginia,2004,7.97,7.97
West Virginia,2004,7.97,7.97
Wisconsin,2004,7.97,7.97
Wyoming,2004,7.97,7.97
Minnesota,2004,7.59,7.97
Montana,2004,6.20,7.97
Puerto Rico,2004,5.59,7.97
Ohio,2004,4.33,7.97
Kansas,2004,4.11,7.97
Oklahoma,2004,3.10,7.97
Arizona,2004,0.00,7.97
Alabama,2004,0.00,7.97
Florida,2004,0.00,7.97
Louisiana,2004,0.00,7.97
Mississippi,2004,0.00,7.97
South Carolina,2004,0.00,7.97
Tennessee,2004,0.00,7.97
Washington,2005,11.00,7.71
Oregon,2005,10.86,7.71
Alaska,2005,10.71,7.71
Connecticut,2005,10.63,7.71
Vermont,2005,10.48,7.71
California,2005,10.11,7.71
Massachusetts,2005,10.11,7.71
Rhode Island,2005,10.11,7.71
District of Columbia,2005,9.88,7.71
Illinois,2005,9.74,7.71
Maine,2005,9.51,7.71
Hawaii,2005,9.36,7.71
Delaware,2005,9.22,7.71
New York,2005,8.99,7.71
Arkansas,2005,7.71,7.71
Colorado,2005,7.71,7.71
Georgia,2005,7.71,7.71
Idaho,2005,7.71,7.71
Indiana,2005,7.71,7.71
Iowa,2005,7.71,7.71
Kentucky,2005,7.71,7.71
Maryland,2005,7.71,7.71
Michigan,2005,7.71,7.71
Missouri,2005,7.71,7.71
Nebraska,2005,7.71,7.71
Nevada,2005,7.71,7.71
New Hampshire,2005,7.71,7.71
New Jersey,2005,7.71,7.71
New Mexico,2005,7.71,7.71
North Carolina,2005,7.71,7.71
North Dakota,2005,7.71,7.71
Pennsylvania,2005,7.71,7.71
South Dakota,2005,7.71,7.71
Texas,2005,7.71,7.71
Utah,2005,7.71,7.71
Virginia,2005,7.71,7.71
West Virginia,2005,7.71,7.71
Wisconsin,2005,7.71,7.71
Wyoming,2005,7.71,7.71
Minnesota,2005,7.34,7.71
Montana,2005,5.99,7.71
Puerto Rico,2005,5.41,7.71
Ohio,2005,4.20,7.71
Kansas,2005,3.97,7.71
Oklahoma,2005,3.00,7.71
Arizona,2005,0.00,7.71
Alabama,2005,0.00,7.71
Florida,2005,0.00,7.71
Louisiana,2005,0.00,7.71
Mississippi,2005,0.00,7.71
South Carolina,2005,0.00,7.71
Tennessee,2005,0.00,7.71
Washington,2006,11.07,7.48
Oregon,2006,10.88,7.48
Connecticut,2006,10.73,7.48
Vermont,2006,10.52,7.48
Alaska,2006,10.37,7.48
District of Columbia,2006,10.16,7.48
California,2006,9.79,7.48
Hawaii,2006,9.79,7.48
Massachusetts,2006,9.79,7.48
New York,2006,9.79,7.48
Rhode Island,2006,9.79,7.48
Illinois,2006,9.43,7.48
Maine,2006,9.43,7.48
Florida,2006,9.29,7.48
Delaware,2006,8.92,7.48
New Jersey,2006,8.92,7.48
Wisconsin,2006,8.27,7.48
Minnesota,2006,7.62,7.48
Arkansas,2006,7.48,7.48
Colorado,2006,7.48,7.48
Georgia,2006,7.48,7.48
Idaho,2006,7.48,7.48
Indiana,2006,7.48,7.48
Iowa,2006,7.48,7.48
Kentucky,2006,7.48,7.48
Maryland,2006,7.48,7.48
Michigan,2006,7.48,7.48
Missouri,2006,7.48,7.48
Nebraska,2006,7.48,7.48
Nevada,2006,7.48,7.48
New Hampshire,2006,7.48,7.48
New Mexico,2006,7.48,7.48
North Carolina,2006,7.48,7.48
North Dakota,2006,7.48,7.48
Pennsylvania,2006,7.48,7.48
South Dakota,2006,7.48,7.48
Texas,2006,7.48,7.48
Utah,2006,7.48,7.48
Virginia,2006,7.48,7.48
West Virginia,2006,7.48,7.48
Wyoming,2006,7.48,7.48
Montana,2006,5.80,7.48
Puerto Rico,2006,5.24,7.48
Ohio,2006,4.06,7.48
Kansas,2006,3.85,7.48
Oklahoma,2006,2.91,7.48
Arizona,2006,0.00,7.48
Alabama,2006,0.00,7.48
Louisiana,2006,0.00,7.48
Mississippi,2006,0.00,7.48
South Carolina,2006,0.00,7.48
Tennessee,2006,0.00,7.48
Washington,2007,11.19,7.26
Oregon,2007,11.00,7.26
Connecticut,2007,10.79,7.26
Vermont,2007,10.62,7.26
California,2007,10.59,7.26
Illinois,2007,10.59,7.26
Massachusetts,2007,10.59,7.26
Rhode Island,2007,10.44,7.26
Hawaii,2007,10.22,7.26
Alaska,2007,10.09,7.26
New Jersey,2007,10.09,7.26
New York,2007,10.09,7.26
District of Columbia,2007,9.87,7.26
Michigan,2007,9.81,7.26
Colorado,2007,9.67,7.26
Ohio,2007,9.67,7.26
Maine,2007,9.52,7.26
Florida,2007,9.41,7.26
Delaware,2007,9.39,7.26
Missouri,2007,9.17,7.26
Wisconsin,2007,9.17,7.26
Arkansas,2007,8.82,7.26
Pennsylvania,2007,8.82,7.26
Maryland,2007,8.67,7.26
Nevada,2007,8.67,7.26
North Carolina,2007,8.67,7.26
West Virginia,2007,8.26,7.26
Minnesota,2007,7.41,7.26
Georgia,2007,7.26,7.26
Idaho,2007,7.26,7.26
Indiana,2007,7.26,7.26
Iowa,2007,7.26,7.26
Kentucky,2007,7.26,7.26
Nebraska,2007,7.26,7.26
New Hampshire,2007,7.26,7.26
New Mexico,2007,7.26,7.26
North Dakota,2007,7.26,7.26
South Dakota,2007,7.26,7.26
Texas,2007,7.26,7.26
Utah,2007,7.26,7.26
Virginia,2007,7.26,7.26
Wyoming,2007,7.26,7.26
Montana,2007,5.64,7.26
Puerto Rico,2007,5.09,7.26
Kansas,2007,3.74,7.26
Oklahoma,2007,2.83,7.26
Arizona,2007,9.52,7.26
Alabama,2007,0.00,7.26
Louisiana,2007,0.00,7.26
Mississippi,2007,0.00,7.26
South Carolina,2007,0.00,7.26
Tennessee,2007,0.00,7.26
Washington,2008,10.97,7.95
California,2008,10.87,7.95
Massachusetts,2008,10.87,7.95
Oregon,2008,10.80,7.95
Illinois,2008,10.53,7.95
Vermont,2008,10.44,7.95
Connecticut,2008,10.39,7.95
Rhode Island,2008,10.05,7.95
Hawaii,2008,9.85,7.95
Iowa,2008,9.85,7.95
Alaska,2008,9.72,7.95
Delaware,2008,9.72,7.95
Michigan,2008,9.72,7.95
New Jersey,2008,9.72,7.95
New York,2008,9.72,7.95
Pennsylvania,2008,9.72,7.95
Colorado,2008,9.53,7.95
District of Columbia,2008,9.51,7.95
Maine,2008,9.51,7.95
Ohio,2008,9.51,7.95
Florida,2008,9.23,7.95
Missouri,2008,9.04,7.95
West Virginia,2008,8.90,7.95
New Hampshire,2008,8.83,7.95
New Mexico,2008,8.83,7.95
Wisconsin,2008,8.83,7.95
Nevada,2008,8.60,7.95
Arkansas,2008,8.49,7.95
Maryland,2008,8.36,7.95
North Carolina,2008,8.36,7.95
Idaho,2008,7.95,7.95
Indiana,2008,7.95,7.95
Kentucky,2008,7.95,7.95
Nebraska,2008,7.95,7.95
North Dakota,2008,7.95,7.95
South Dakota,2008,7.95,7.95
Texas,2008,7.95,7.95
Utah,2008,7.95,7.95
Virginia,2008,7.95,7.95
Minnesota,2008,7.14,7.95
Georgia,2008,7.00,7.95
Wyoming,2008,7.00,7.95
Montana,2008,5.44,7.95
Puerto Rico,2008,4.91,7.95
Kansas,2008,3.60,7.95
Oklahoma,2008,2.71,7.95
Arizona,2008,9.38,7.95
Alabama,2008,0.00,7.95
Louisiana,2008,0.00,7.95
Mississippi,2008,0.00,7.95
South Carolina,2008,0.00,7.95
Tennessee,2008,0.00,7.95
Washington,2009,11.66,8.93
Oregon,2009,11.46,8.93
Vermont,2009,10.99,8.93
California,2009,10.91,8.93
Connecticut,2009,10.91,8.93
Illinois,2009,10.91,8.93
Massachusetts,2009,10.91,8.93
District of Columbia,2009,10.29,8.93
New Mexico,2009,10.22,8.93
Michigan,2009,10.09,8.93
Rhode Island,2009,10.09,8.93
Ohio,2009,9.95,8.93
Colorado,2009,9.93,8.93
Hawaii,2009,9.88,8.93
Iowa,2009,9.88,8.93
Maine,2009,9.88,8.93
New Hampshire,2009,9.88,8.93
West Virginia,2009,9.88,8.93
Florida,2009,9.83,8.93
Alaska,2009,9.75,8.93
Delaware,2009,9.75,8.93
New Jersey,2009,9.75,8.93
New York,2009,9.75,8.93
Pennsylvania,2009,9.75,8.93
Missouri,2009,9.61,8.93
Idaho,2009,8.93,8.93
Indiana,2009,8.93,8.93
Kentucky,2009,8.93,8.93
Maryland,2009,8.93,8.93
Nebraska,2009,8.93,8.93
Nevada,2009,8.93,8.93
North Carolina,2009,8.93,8.93
North Dakota,2009,8.93,8.93
South Dakota,2009,8.93,8.93
Texas,2009,8.93,8.93
Utah,2009,8.93,8.93
Virginia,2009,8.93,8.93
Wisconsin,2009,8.87,8.93
Arkansas,2009,8.53,8.93
Minnesota,2009,7.16,8.93
Georgia,2009,7.02,8.93
Wyoming,2009,7.02,8.93
Puerto Rico,2009,5.59,8.93
Montana,2009,5.45,8.93
Kansas,2009,3.62,8.93
Oklahoma,2009,2.73,8.93
Alabama,2009,0.00,8.93
Louisiana,2009,0.00,8.93
Mississippi,2009,0.00,8.93
South Carolina,2009,0.00,8.93
Tennessee,2009,0.00,8.93
Arizona,2009,9.88,8.93
Washington,2010,11.47,9.73
Oregon,2010,11.26,9.73
Connecticut,2010,11.07,9.73
District of Columbia,2010,11.07,9.73
Illinois,2010,11.07,9.73
Vermont,2010,10.81,9.73
California,2010,10.73,9.73
Massachusetts,2010,10.73,9.73
Alaska,2010,10.39,9.73
Maine,2010,10.07,9.73
New Mexico,2010,10.07,9.73
Michigan,2010,9.93,9.73
Rhode Island,2010,9.93,9.73
Ohio,2010,9.79,9.73
Delaware,2010,9.73,9.73
Florida,2010,9.73,9.73
Hawaii,2010,9.73,9.73
Idaho,2010,9.73,9.73
Indiana,2010,9.73,9.73
Iowa,2010,9.73,9.73
Kansas,2010,9.73,9.73
Kentucky,2010,9.73,9.73
Maryland,2010,9.73,9.73
Missouri,2010,9.73,9.73
Nebraska,2010,9.73,9.73
New Hampshire,2010,9.73,9.73
New Jersey,2010,9.73,9.73
New York,2010,9.73,9.73
North Carolina,2010,9.73,9.73
North Dakota,2010,9.73,9.73
Pennsylvania,2010,9.73,9.73
South Dakota,2010,9.73,9.73
Texas,2010,9.73,9.73
Utah,2010,9.73,9.73
Virginia,2010,9.73,9.73
West Virginia,2010,9.73,9.73
Wisconsin,2010,9.73,9.73
Colorado,2010,9.72,9.73
Nevada,2010,8.79,9.73
Arkansas,2010,8.38,9.73
Minnesota,2010,7.05,9.73
Georgia,2010,6.91,9.73
Wyoming,2010,6.91,9.73
Montana,2010,5.36,9.73
Oklahoma,2010,2.68,9.73
Alabama,2010,0.00,9.73
Louisiana,2010,0.00,9.73
Mississippi,2010,0.00,9.73
Puerto Rico,2010,0.00,9.73
South Carolina,2010,0.00,9.73
Tennessee,2010,0.00,9.73
Arizona,2010,9.73,9.73
Washington,2011,11.28,9.43
Oregon,2011,11.05,9.43
Connecticut,2011,10.73,9.43
District of Columbia,2011,10.73,9.43
Illinois,2011,10.73,9.43
Vermont,2011,10.60,9.43
California,2011,10.41,9.43
Massachusetts,2011,10.41,9.43
Alaska,2011,10.08,9.43
Maine,2011,9.75,9.43
New Mexico,2011,9.75,9.43
Michigan,2011,9.62,9.43
Ohio,2011,9.62,9.43
Rhode Island,2011,9.62,9.43
Colorado,2011,9.57,9.43
Delaware,2011,9.43,9.43
Florida,2011,9.43,9.43
Hawaii,2011,9.43,9.43
Idaho,2011,9.43,9.43
Indiana,2011,9.43,9.43
Iowa,2011,9.43,9.43
Kansas,2011,9.43,9.43
Kentucky,2011,9.43,9.43
Maryland,2011,9.43,9.43
Missouri,2011,9.43,9.43
Nebraska,2011,9.43,9.43
Nevada,2011,9.43,9.43
New Hampshire,2011,9.43,9.43
New Jersey,2011,9.43,9.43
New York,2011,9.43,9.43
North Carolina,2011,9.43,9.43
North Dakota,2011,9.43,9.43
Pennsylvania,2011,9.43,9.43
South Dakota,2011,9.43,9.43
Texas,2011,9.43,9.43
Utah,2011,9.43,9.43
Virginia,2011,9.43,9.43
West Virginia,2011,9.43,9.43
Wisconsin,2011,9.43,9.43
Arkansas,2011,8.13,9.43
Minnesota,2011,6.83,9.43
Georgia,2011,6.70,9.43
Wyoming,2011,6.70,9.43
Montana,2011,5.20,9.43
Oklahoma,2011,2.60,9.43
Alabama,2011,0.00,9.43
Louisiana,2011,0.00,9.43
Mississippi,2011,0.00,9.43
Puerto Rico,2011,0.00,9.43
South Carolina,2011,0.00,9.43
Tennessee,2011,0.00,9.43
Arizona,2011,9.56,9.43
Washington,2012,11.51,9.24
Oregon,2012,11.21,9.24
Vermont,2012,10.78,9.24
Connecticut,2012,10.51,9.24
District of Columbia,2012,10.51,9.24
Illinois,2012,10.51,9.24
California,2012,10.19,9.24
Massachusetts,2012,10.19,9.24
Alaska,2012,9.87,9.24
Ohio,2012,9.81,9.24
Florida,2012,9.77,9.24
Colorado,2012,9.74,9.24
Maine,2012,9.56,9.24
New Mexico,2012,9.56,9.24
Michigan,2012,9.43,9.24
Rhode Island,2012,9.43,9.24
Delaware,2012,9.24,9.24
Hawaii,2012,9.24,9.24
Idaho,2012,9.24,9.24
Indiana,2012,9.24,9.24
Iowa,2012,9.24,9.24
Kansas,2012,9.24,9.24
Kentucky,2012,9.24,9.24
Maryland,2012,9.24,9.24
Missouri,2012,9.24,9.24
Nebraska,2012,9.24,9.24
Nevada,2012,9.24,9.24
New Hampshire,2012,9.24,9.24
New Jersey,2012,9.24,9.24
New York,2012,9.24,9.24
North Carolina,2012,9.24,9.24
North Dakota,2012,9.24,9.24
Pennsylvania,2012,9.24,9.24
South Dakota,2012,9.24,9.24
Texas,2012,9.24,9.24
Utah,2012,9.24,9.24
Virginia,2012,9.24,9.24
West Virginia,2012,9.24,9.24
Wisconsin,2012,9.24,9.24
Arkansas,2012,7.96,9.24
Minnesota,2012,6.68,9.24
Georgia,2012,6.56,9.24
Wyoming,2012,6.56,9.24
Montana,2012,5.10,9.24
Oklahoma,2012,2.54,9.24
Alabama,2012,0.00,9.24
Louisiana,2012,0.00,9.24
Mississippi,2012,0.00,9.24
Puerto Rico,2012,0.00,9.24
South Carolina,2012,0.00,9.24
Tennessee,2012,0.00,9.24
Arizona,2012,9.75,9.24
Washington,2013,11.54,9.10
Oregon,2013,11.24,9.10
Vermont,2013,10.80,9.10
Connecticut,2013,10.36,9.10
District of Columbia,2013,10.36,9.10
Illinois,2013,10.36,9.10
California,2013,10.04,9.10
Massachusetts,2013,10.04,9.10
Ohio,2013,9.86,9.10
Florida,2013,9.78,9.10
Colorado,2013,9.77,9.10
Alaska,2013,9.74,9.10
Rhode Island,2013,9.74,9.10
Maine,2013,9.42,9.10
New Mexico,2013,9.42,9.10
Michigan,2013,9.30,9.10
Missouri,2013,9.23,9.10
Delaware,2013,9.10,9.10
Hawaii,2013,9.10,9.10
Idaho,2013,9.10,9.10
Indiana,2013,9.10,9.10
Iowa,2013,9.10,9.10
Kansas,2013,9.10,9.10
Kentucky,2013,9.10,9.10
Maryland,2013,9.10,9.10
Nebraska,2013,9.10,9.10
Nevada,2013,9.10,9.10
New Hampshire,2013,9.10,9.10
New Jersey,2013,9.10,9.10
New York,2013,9.10,9.10
North Carolina,2013,9.10,9.10
North Dakota,2013,9.10,9.10
Pennsylvania,2013,9.10,9.10
South Dakota,2013,9.10,9.10
Texas,2013,9.10,9.10
Utah,2013,9.10,9.10
Virginia,2013,9.10,9.10
West Virginia,2013,9.10,9.10
Wisconsin,2013,9.10,9.10
Arkansas,2013,7.85,9.10
Minnesota,2013,6.59,9.10
Georgia,2013,6.47,9.10
Wyoming,2013,6.47,9.10
Montana,2013,5.02,9.10
Oklahoma,2013,2.51,9.10
Alabama,2013,0.00,9.10
Louisiana,2013,0.00,9.10
Mississippi,2013,0.00,9.10
Puerto Rico,2013,0.00,9.10
South Carolina,2013,0.00,9.10
Tennessee,2013,0.00,9.10
Arizona,2013,9.79,9.10
District of Columbia,2014,11.74,8.96
Washington,2014,11.51,8.96
Oregon,2014,11.24,8.96
California,2014,11.12,8.96
Vermont,2014,10.79,8.96
Connecticut,2014,10.76,8.96
Illinois,2014,10.19,8.96
New Jersey,2014,10.19,8.96
Michigan,2014,10.07,8.96
Colorado,2014,9.88,8.96
Massachusetts,2014,9.88,8.96
New York,2014,9.88,8.96
Rhode Island,2014,9.88,8.96
Florida,2014,9.79,8.96
Montana,2014,9.76,8.96
Alaska,2014,9.58,8.96
Delaware,2014,9.58,8.96
Maine,2014,9.26,8.96
Missouri,2014,9.26,8.96
New Mexico,2014,9.26,8.96
Hawaii,2014,8.96,8.96
Idaho,2014,8.96,8.96
Indiana,2014,8.96,8.96
Iowa,2014,8.96,8.96
Kansas,2014,8.96,8.96
Kentucky,2014,8.96,8.96
Maryland,2014,8.96,8.96
Nebraska,2014,8.96,8.96
Nevada,2014,8.96,8.96
New Hampshire,2014,8.96,8.96
North Carolina,2014,8.96,8.96
North Dakota,2014,8.96,8.96
Ohio,2014,8.96,8.96
Pennsylvania,2014,8.96,8.96
South Dakota,2014,8.96,8.96
Texas,2014,8.96,8.96
Utah,2014,8.96,8.96
Virginia,2014,8.96,8.96
West Virginia,2014,8.96,8.96
Wisconsin,2014,8.96,8.96
Minnesota,2014,8.03,8.96
Arkansas,2014,7.72,8.96
Georgia,2014,6.37,8.96
Wyoming,2014,6.37,8.96
Puerto Rico,2014,6.28,8.96
Oklahoma,2014,2.48,8.96
Alabama,2014,0.00,8.96
Louisiana,2014,0.00,8.96
Mississippi,2014,0.00,8.96
South Carolina,2014,0.00,8.96
Tennessee,2014,0.00,8.96
Arizona,2014,9.76,8.96
District of Columbia,2015,12.96,8.95
Washington,2015,11.68,8.95
Oregon,2015,11.41,8.95
Connecticut,2015,11.30,8.95
Vermont,2015,11.30,8.95
California,2015,11.11,8.95
Massachusetts,2015,11.11,8.95
Rhode Island,2015,11.11,8.95
Alaska,2015,10.80,8.95
New York,2015,10.80,8.95
South Dakota,2015,10.50,8.95
New Jersey,2015,10.35,8.95
Delaware,2015,10.18,8.95
Illinois,2015,10.18,8.95
Maryland,2015,10.18,8.95
Colorado,2015,10.16,8.95
Michigan,2015,10.05,8.95
Florida,2015,9.94,8.95
Montana,2015,9.94,8.95
Nebraska,2015,9.87,8.95
West Virginia,2015,9.87,8.95
Hawaii,2015,9.57,8.95
Missouri,2015,9.44,8.95
Arkansas,2015,9.25,8.95
Maine,2015,9.25,8.95
New Mexico,2015,9.25,8.95
Idaho,2015,8.95,8.95
Indiana,2015,8.95,8.95
Iowa,2015,8.95,8.95
Kansas,2015,8.95,8.95
Kentucky,2015,8.95,8.95
Minnesota,2015,8.95,8.95
Nevada,2015,8.95,8.95
New Hampshire,2015,8.95,8.95
North Carolina,2015,8.95,8.95
North Dakota,2015,8.95,8.95
Ohio,2015,8.95,8.95
Pennsylvania,2015,8.95,8.95
Texas,2015,8.95,8.95
Utah,2015,8.95,8.95
Virginia,2015,8.95,8.95
Wisconsin,2015,8.95,8.95
Georgia,2015,6.36,8.95
Wyoming,2015,6.36,8.95
Puerto Rico,2015,6.27,8.95
Oklahoma,2015,2.47,8.95
Alabama,2015,0.00,8.95
Louisiana,2015,0.00,8.95
Mississippi,2015,0.00,8.95
South Carolina,2015,0.00,8.95
Tennessee,2015,0.00,8.95
Arizona,2015,9.94,8.95
District of Columbia,2016,14.01,8.83
California,2016,12.19,8.83
Massachusetts,2016,12.19,8.83
Alaska,2016,11.89,8.83
Oregon,2016,11.89,8.83
Connecticut,2016,11.71,8.83
Rhode Island,2016,11.71,8.83
Vermont,2016,11.71,8.83
Washington,2016,11.55,8.83
Nebraska,2016,10.97,8.83
New York,2016,10.97,8.83
Maryland,2016,10.67,8.83
West Virginia,2016,10.67,8.83
South Dakota,2016,10.42,8.83
Hawaii,2016,10.36,8.83
Michigan,2016,10.36,8.83
New Jersey,2016,10.21,8.83
Colorado,2016,10.13,8.83
Delaware,2016,10.05,8.83
Illinois,2016,10.05,8.83
Florida,2016,9.82,8.83
Montana,2016,9.82,8.83
Arkansas,2016,9.75,8.83
Missouri,2016,9.32,8.83
Maine,2016,9.14,8.83
New Mexico,2016,9.14,8.83
Idaho,2016,8.83,8.83
Indiana,2016,8.83,8.83
Iowa,2016,8.83,8.83
Kansas,2016,8.83,8.83
Kentucky,2016,8.83,8.83
Minnesota,2016,8.83,8.83
Nevada,2016,8.83,8.83
New Hampshire,2016,8.83,8.83
North Carolina,2016,8.83,8.83
North Dakota,2016,8.83,8.83
Ohio,2016,8.83,8.83
Pennsylvania,2016,8.83,8.83
Texas,2016,8.83,8.83
Utah,2016,8.83,8.83
Virginia,2016,8.83,8.83
Wisconsin,2016,8.83,8.83
Georgia,2016,6.28,8.83
Wyoming,2016,6.28,8.83
Puerto Rico,2016,6.19,8.83
Oklahoma,2016,2.44,8.83
Alabama,2016,0.00,8.83
Louisiana,2016,0.00,8.83
Mississippi,2016,0.00,8.83
South Carolina,2016,0.00,8.83
Tennessee,2016,0.00,8.83
Arizona,2016,9.82,8.83
District of Columbia,2017,13.73,8.65
Massachusetts,2017,13.13,8.65
Washington,2017,13.13,8.65
Connecticut,2017,12.06,8.65
California,2017,11.93,8.65
Vermont,2017,11.93,8.65
Alaska,2017,11.69,8.65
Oregon,2017,11.64,8.65
New York,2017,11.58,8.65
Rhode Island,2017,11.46,8.65
Colorado,2017,11.10,8.65
Hawaii,2017,11.04,8.65
Maine,2017,10.74,8.65
Nebraska,2017,10.74,8.65
Michigan,2017,10.62,8.65
Maryland,2017,10.44,8.65
West Virginia,2017,10.44,8.65
South Dakota,2017,10.33,8.65
Arkansas,2017,10.15,8.65
New Jersey,2017,10.08,8.65
Delaware,2017,9.85,8.65
Illinois,2017,9.85,8.65
Montana,2017,9.73,8.65
Ohio,2017,9.73,8.65
Florida,2017,9.67,8.65
Minnesota,2017,9.25,8.65
Missouri,2017,9.20,8.65
New Mexico,2017,8.95,8.65
Idaho,2017,8.65,8.65
Indiana,2017,8.65,8.65
Iowa,2017,8.65,8.65
Kansas,2017,8.65,8.65
Kentucky,2017,8.65,8.65
Nevada,2017,8.65,8.65
New Hampshire,2017,8.65,8.65
North Carolina,2017,8.65,8.65
North Dakota,2017,8.65,8.65
Pennsylvania,2017,8.65,8.65
Texas,2017,8.65,8.65
Utah,2017,8.65,8.65
Virginia,2017,8.65,8.65
Wisconsin,2017,8.65,8.65
Georgia,2017,6.14,8.65
Wyoming,2017,6.14,8.65
Puerto Rico,2017,6.06,8.65
Oklahoma,2017,2.39,8.65
Alabama,2017,0.00,8.65
Louisiana,2017,0.00,8.65
Mississippi,2017,0.00,8.65
South Carolina,2017,0.00,8.65
Tennessee,2017,0.00,8.65
Arizona,2017,11.93,8.65
District of Columbia,2018,15.44,8.45
Washington,2018,13.40,8.45
California,2018,12.81,8.45
Massachusetts,2018,12.81,8.45
Oregon,2018,12.52,8.45
Vermont,2018,12.24,8.45
New York,2018,12.11,8.45
Colorado,2018,11.89,8.45
Connecticut,2018,11.76,8.45
Hawaii,2018,11.76,8.45
Maryland,2018,11.76,8.45
Rhode Island,2018,11.76,8.45
Maine,2018,11.65,8.45
Alaska,2018,11.47,8.45
Michigan,2018,10.78,8.45
Nebraska,2018,10.48,8.45
South Dakota,2018,10.31,8.45
West Virginia,2018,10.19,8.45
New Jersey,2018,10.02,8.45
Arkansas,2018,9.91,8.45
Montana,2018,9.67,8.45
Ohio,2018,9.67,8.45
Delaware,2018,9.61,8.45
Florida,2018,9.61,8.45
Illinois,2018,9.61,8.45
Minnesota,2018,9.36,8.45
Missouri,2018,9.15,8.45
New Mexico,2018,8.74,8.45
Idaho,2018,8.45,8.45
Indiana,2018,8.45,8.45
Iowa,2018,8.45,8.45
Kansas,2018,8.45,8.45
Kentucky,2018,8.45,8.45
Nevada,2018,8.45,8.45
New Hampshire,2018,8.45,8.45
North Carolina,2018,8.45,8.45
North Dakota,2018,8.45,8.45
Pennsylvania,2018,8.45,8.45
Texas,2018,8.45,8.45
Utah,2018,8.45,8.45
Virginia,2018,8.45,8.45
Wisconsin,2018,8.45,8.45
Georgia,2018,5.99,8.45
Wyoming,2018,5.99,8.45
Puerto Rico,2018,5.92,8.45
Oklahoma,2018,2.33,8.45
Alabama,2018,0.00,8.45
Louisiana,2018,0.00,8.45
Mississippi,2018,0.00,8.45
South Carolina,2018,0.00,8.45
Tennessee,2018,0.00,8.45
Arizona,2018,12.24,8.45
District of Columbia,2019,16.01,8.30
Washington,2019,15.45,8.30
Massachusetts,2019,14.59,8.30
California,2019,13.73,8.30
Colorado,2019,13.73,8.30
Maine,2019,13.73,8.30
New York,2019,13.50,8.30
Oregon,2019,12.87,8.30
Connecticut,2019,12.59,8.30
Maryland,2019,12.59,8.30
New Jersey,2019,12.59,8.30
Vermont,2019,12.54,8.30
Rhode Island,2019,12.01,8.30
Alaska,2019,11.66,8.30
Hawaii,2019,11.56,8.30
Michigan,2019,11.04,8.30
Missouri,2019,10.81,8.30
South Dakota,2019,10.64,8.30
Arkansas,2019,10.59,8.30
Delaware,2019,10.59,8.30
Illinois,2019,10.59,8.30
Nebraska,2019,10.30,8.30
New Mexico,2019,10.30,8.30
West Virginia,2019,10.01,8.30
Ohio,2019,9.95,8.30
Montana,2019,9.90,8.30
Florida,2019,9.79,8.30
Minnesota,2019,9.33,8.30
Idaho,2019,8.30,8.30
Indiana,2019,8.30,8.30
Iowa,2019,8.30,8.30
Kansas,2019,8.30,8.30
Kentucky,2019,8.30,8.30
Nevada,2019,8.30,8.30
New Hampshire,2019,8.30,8.30
North Carolina,2019,8.30,8.30
North Dakota,2019,8.30,8.30
Pennsylvania,2019,8.30,8.30
Texas,2019,8.30,8.30
Utah,2019,8.30,8.30
Virginia,2019,8.30,8.30
Wisconsin,2019,8.30,8.30
Georgia,2019,5.89,8.30
Wyoming,2019,5.89,8.30
Puerto Rico,2019,5.81,8.30
Oklahoma,2019,2.28,8.30
Alabama,2019,0.00,8.30
Louisiana,2019,0.00,8.30
Mississippi,2019,0.00,8.30
South Carolina,2019,0.00,8.30
Tennessee,2019,0.00,8.30
Arizona,2019,13.73,8.30
District of Columbia,2020,15.83,8.20
Washington,2020,15.27,8.20
California,2020,14.70,8.20
Massachusetts,2020,14.42,8.20
Colorado,2020,13.57,8.20
Maine,2020,13.57,8.20
New York,2020,13.35,8.20
Oregon,2020,12.72,8.20
Connecticut,2020,12.44,8.20
Maryland,2020,12.44,8.20
New Jersey,2020,12.44,8.20
Vermont,2020,12.40,8.20
Rhode Island,2020,11.88,8.20
Alaska,2020,11.52,8.20
Hawaii,2020,11.42,8.20
Arkansas,2020,11.31,8.20
Michigan,2020,10.91,8.20
Missouri,2020,10.69,8.20
South Dakota,2020,10.52,8.20
Delaware,2020,10.46,8.20
Illinois,2020,10.46,8.20
Nebraska,2020,10.18,8.20
New Mexico,2020,10.18,8.20
West Virginia,2020,9.90,8.20
Ohio,2020,9.84,8.20
Montana,2020,9.78,8.20
Florida,2020,9.68,8.20
Minnesota,2020,9.22,8.20
Idaho,2020,8.20,8.20
Indiana,2020,8.20,8.20
Iowa,2020,8.20,8.20
Kansas,2020,8.20,8.20
Kentucky,2020,8.20,8.20
Nevada,2020,8.20,8.20
New Hampshire,2020,8.20,8.20
North Carolina,2020,8.20,8.20
North Dakota,2020,8.20,8.20
Pennsylvania,2020,8.20,8.20
Texas,2020,8.20,8.20
Utah,2020,8.20,8.20
Virginia,2020,8.20,8.20
Wisconsin,2020,8.20,8.20
Georgia,2020,5.82,8.20
Wyoming,2020,5.82,8.20
Puerto Rico,2020,5.75,8.20
Oklahoma,2020,2.26,8.20
Alabama,2020,0.00,8.20
Louisiana,2020,0.00,8.20
Mississippi,2020,0.00,8.20
South Carolina,2020,0.00,8.20
Tennessee,2020,0.00,8.20
Arizona,2020,13.57,8.20
Alabama,2021,0.00,7.83
Alaska,2021,11.17,7.83
Arizona,2021,13.12,7.83
Arkansas,2021,11.88,7.83
California,2021,15.12,7.83
Colorado,2021,13.31,7.83
Connecticut,2021,14.04,7.83
Delaware,2021,9.99,7.83
District of Columbia,2021,16.42,7.83
Florida,2021,9.34,7.83
Georgia,2021,5.56,7.83
Hawaii,2021,10.91,7.83
Idaho,2021,7.83,7.83
Illinois,2021,11.88,7.83
Indiana,2021,7.83,7.83
Iowa,2021,7.83,7.83
Kansas,2021,7.83,7.83
Kentucky,2021,7.83,7.83
Louisiana,2021,0.00,7.83
Maine,2021,13.12,7.83
Maryland,2021,12.69,7.83
Massachusetts,2021,14.58,7.83
Michigan,2021,10.42,7.83
Minnesota,2021,10.89,7.83
Mississippi,2021,0.00,7.83
Missouri,2021,11.12,7.83
Montana,2021,9.45,7.83
Nebraska,2021,9.72,7.83
Nevada,2021,10.53,7.83
New Hampshire,2021,7.83,7.83
New Jersey,2021,12.96,7.83
New Mexico,2021,11.34,7.83
New York,2021,13.50,7.83
North Carolina,2021,7.83,7.83
North Dakota,2021,7.83,7.83
Ohio,2021,9.50,7.83
Oklahoma,2021,2.16,7.83
Oregon,2021,13.77,7.83
Pennsylvania,2021,7.83,7.83
Puerto Rico,2021,7.07,7.83
Rhode Island,2021,12.42,7.83
South Carolina,2021,0.00,7.83
South Dakota,2021,10.21,7.83
Tennessee,2021,0.00,7.83
Texas,2021,7.83,7.83
Utah,2021,7.83,7.83
Vermont,2021,12.69,7.83
Virginia,2021,10.26,7.83
Washington,2021,14.79,7.83
West Virginia,2021,9.45,7.83
Wisconsin,2021,7.83,7.83
Wyoming,2021,5.56,7.83
Alabama,2022,0.00,7.25
Alaska,2022,10.34,7.25
Arizona,2022,12.80,7.25
Arkansas,2022,11.00,7.25
California,2022,15.00,7.25
Colorado,2022,12.56,7.25
Connecticut,2022,14.00,7.25
Delaware,2022,10.50,7.25
District of Columbia,2022,16.10,7.25
Florida,2022,10.00,7.25
Georgia,2022,5.15,7.25
Hawaii,2022,12.00,7.25
Idaho,2022,7.25,7.25
Illinois,2022,12.00,7.25
Indiana,2022,7.25,7.25
Iowa,2022,7.25,7.25
Kansas,2022,7.25,7.25
Kentucky,2022,7.25,7.25
Louisiana,2022,0.00,7.25
Maine,2022,12.75,7.25
Maryland,2022,12.50,7.25
Massachusetts,2022,14.25,7.25
Michigan,2022,9.87,7.25
Minnesota,2022,10.33,7.25
Mississippi,2022,0.00,7.25
Missouri,2022,11.15,7.25
Montana,2022,9.20,7.25
Nebraska,2022,9.00,7.25
Nevada,2022,10.50,7.25
New Hampshire,2022,7.25,7.25
New Jersey,2022,13.00,7.25
New Mexico,2022,11.50,7.25
New York,2022,13.20,7.25
North Carolina,2022,7.25,7.25
North Dakota,2022,7.25,7.25
Ohio,2022,9.30,7.25
Oklahoma,2022,2.00,7.25
Oregon,2022,13.50,7.25
Pennsylvania,2022,7.25,7.25
Puerto Rico,2022,8.50,7.25
Rhode Island,2022,12.25,7.25
South Carolina,2022,0.00,7.25
South Dakota,2022,9.95,7.25
Tennessee,2022,0.00,7.25
Texas,2022,7.25,7.25
Utah,2022,7.25,7.25
Vermont,2022,12.55,7.25
Virginia,2022,11.00,7.25
Washington,2022,14.49,7.25
West Virginia,2022,8.75,7.25
Wisconsin,2022,7.25,7.25
Wyoming,2022,5.15,7.25